"sample_id","replicate_number","detection_date","detection_time","user_name","manual_dilution_factor","auto_dilution_factor","p_peak_concentration","p_concentration_units","channel_number","peak_area","peak_height","n_peak_concentration","n_concentration_units","channel_number_1","peak_area_1","peak_height_1"
"Cal Std 1000/3000 ug/l",1,"11/15/2021","12:49:53 PM","PSSadmin",1,1,1000,"ug P/L",1,16.3,0.613,3000,"ug N/L",2,6.01,0.358
"Cal Std 500/1500 ug/L",1,"11/15/2021","12:51:10 PM","PSSadmin",1,1,500,"ug P/L",1,7.46,0.277,1500,"ug N/L",2,2.83,0.167
"Cal Std 100/1000 ug/L",1,"11/15/2021","12:52:28 PM","PSSadmin",1,1,100,"ug P/L",1,1.48,0.0539,1000,"ug N/L",2,1.9,0.111
"Cal Std 50/500 ug/L",1,"11/15/2021","12:53:45 PM","PSSadmin",1,1,50,"ug P/L",1,0.835,0.0303,500,"ug N/L",2,1.06,0.0614
"Cal Std 10/100 ug/L",1,"11/15/2021","12:55:03 PM","PSSadmin",1,1,10,"ug P/L",1,0.208,0.00781,100,"ug N/L",2,0.235,0.0124
"Cal Std 5/50 ug/L",1,"11/15/2021","12:56:22 PM","PSSadmin",1,1,5,"ug P/L",1,0.127,0.00489,50,"ug N/L",2,0.157,0.00653
"Cal Std 0 ug/L",1,"11/15/2021","12:57:41 PM","PSSadmin",1,1,0,"ug P/L",1,0.0543,0.0021,0,"ug N/L",2,-0.0347,0.00219
"CCV Mid 50/500 ug/L",1,"11/15/2021","12:58:59 PM","PSSadmin",1,1,54.7,"ug P/L",1,0.832,0.0303,556,"ug N/L",2,1.1,0.0612
"CCV Low 10/100 ug/L",1,"11/15/2021","1:00:18 PM","PSSadmin",1,1,13.3,"ug P/L",1,0.164,0.00622,124,"ug N/L",2,0.244,0.0131
"CCB ",1,"11/15/2021","1:01:37 PM","PSSadmin",1,1,-0.288,"ug P/L",1,-0.0549,-0.00231,-21,"ug N/L",2,-0.0431,-0.00274
"method blank",1,"11/15/2021","1:02:56 PM","PSSadmin",1,1,2.21,"ug P/L",1,-0.0147,-0.00108,35.9,"ug N/L",2,0.0694,0.00197
"method blank",1,"11/15/2021","1:04:14 PM","PSSadmin",1,1,-2.15,"ug P/L",1,-0.085,-0.0027,28.1,"ug N/L",2,0.054,0.00268
"LCS TP",1,"11/15/2021","1:05:33 PM","PSSadmin",1,1,91.7,"ug P/L",1,1.43,0.0526,153,"ug N/L",2,0.301,0.0139
"LCS TN",1,"11/15/2021","1:06:51 PM","PSSadmin",1,1,-9.13,"ug P/L",1,-0.198,-0.00596,148,"ug N/L",2,0.291,0.0132
"84",1,"11/15/2021","1:08:09 PM","PSSadmin",1,1,15.9,"ug P/L",1,0.206,0.00741,574,"ug N/L",2,1.13,0.062
"85",1,"11/15/2021","1:09:27 PM","PSSadmin",1,1,-0.314,"ug P/L",1,-0.0553,-0.00285,361,"ug N/L",2,0.712,0.0382
"86",1,"11/15/2021","1:10:45 PM","PSSadmin",1,1,21,"ug P/L",1,0.288,0.00972,422,"ug N/L",2,0.833,0.0455
"87",1,"11/15/2021","1:12:03 PM","PSSadmin",1,1,15.6,"ug P/L",1,0.202,0.00719,755,"ug N/L",2,1.49,0.0864
"88",1,"11/15/2021","1:13:20 PM","PSSadmin",1,1,26.5,"ug P/L",1,0.376,0.0108,745,"ug N/L",2,1.47,0.0847
"89",1,"11/15/2021","1:14:38 PM","PSSadmin",1,1,21.5,"ug P/L",1,0.296,0.0106,760,"ug N/L",2,1.5,0.0885
"CCV Mid 50/500 ug/L",1,"11/15/2021","1:15:56 PM","PSSadmin",1,1,48.4,"ug P/L",1,0.729,0.0267,535,"ug N/L",2,1.06,0.0598
"CCV Low 10/100 ug/L",1,"11/15/2021","1:17:15 PM","PSSadmin",1,1,11.2,"ug P/L",1,0.13,0.00459,125,"ug N/L",2,0.246,0.0139
"CCB ",1,"11/15/2021","1:18:34 PM","PSSadmin",1,1,0.243,"ug P/L",1,-0.0463,-0.00208,-1.66,"ug N/L",2,-0.00487,0.00126
"90",1,"11/15/2021","1:19:52 PM","PSSadmin",1,1,171,"ug P/L",1,2.71,0.101,1530,"ug N/L",2,3.02,0.179
"91",1,"11/15/2021","1:21:09 PM","PSSadmin",1,1,480,"ug P/L",1,7.68,0.288,1860,"ug N/L",2,3.69,0.218
"92",1,"11/15/2021","1:22:26 PM","PSSadmin",1,1,225,"ug P/L",1,3.58,0.134,1710,"ug N/L",2,3.38,0.201
"93",1,"11/15/2021","1:23:43 PM","PSSadmin",1,1,28.9,"ug P/L",1,0.415,0.0151,802,"ug N/L",2,1.59,0.0943
"94",1,"11/15/2021","1:24:59 PM","PSSadmin",1,1,38.1,"ug P/L",1,0.564,0.0202,901,"ug N/L",2,1.78,0.104
"95",1,"11/15/2021","1:26:18 PM","PSSadmin",1,1,28.9,"ug P/L",1,0.416,0.0147,750,"ug N/L",2,1.48,0.0871
"96",1,"11/15/2021","1:27:37 PM","PSSadmin",1,1,24.9,"ug P/L",1,0.352,0.0127,313,"ug N/L",2,0.618,0.0356
"97",1,"11/15/2021","1:28:56 PM","PSSadmin",1,1,22.3,"ug P/L",1,0.309,0.0108,275,"ug N/L",2,0.542,0.0293
"98",1,"11/15/2021","1:30:14 PM","PSSadmin",1,1,8.06,"ug P/L",1,0.0796,0.00328,204,"ug N/L",2,0.402,0.0201
"99",1,"11/15/2021","1:31:33 PM","PSSadmin",1,1,18.8,"ug P/L",1,0.253,0.0089,513,"ug N/L",2,1.01,0.0573
"CCV Mid 50/500 ug/L",1,"11/15/2021","1:32:50 PM","PSSadmin",1,1,49,"ug P/L",1,0.739,0.0268,552,"ug N/L",2,1.09,0.0609
"CCV Low 10/100 ug/L",1,"11/15/2021","1:34:09 PM","PSSadmin",1,1,10.5,"ug P/L",1,0.119,0.0043,119,"ug N/L",2,0.235,0.0131
"CCB ",1,"11/15/2021","1:35:28 PM","PSSadmin",1,1,-0.527,"ug P/L",1,-0.0588,-0.00262,22.4,"ug N/L",2,0.0428,0.00332
"100",1,"11/15/2021","1:36:46 PM","PSSadmin",1,1,8.18,"ug P/L",1,0.0817,0.00298,378,"ug N/L",2,0.747,0.0404
"101",1,"11/15/2021","1:38:05 PM","PSSadmin",1,1,17.2,"ug P/L",1,0.226,0.00842,524,"ug N/L",2,1.03,0.0603
"102",1,"11/15/2021","1:39:23 PM","PSSadmin",1,1,96,"ug P/L",1,1.5,0.0556,878,"ug N/L",2,1.74,0.102
"103",1,"11/15/2021","1:40:41 PM","PSSadmin",1,1,288,"ug P/L",1,4.59,0.172,1100,"ug N/L",2,2.17,0.127
"104",1,"11/15/2021","1:41:58 PM","PSSadmin",1,1,141,"ug P/L",1,2.23,0.0834,1040,"ug N/L",2,2.06,0.12
"105",1,"11/15/2021","1:43:16 PM","PSSadmin",1,1,45.5,"ug P/L",1,0.683,0.0244,669,"ug N/L",2,1.32,0.0741
"106",1,"11/15/2021","1:44:33 PM","PSSadmin",1,1,42.7,"ug P/L",1,0.639,0.0233,613,"ug N/L",2,1.21,0.0713
"107",1,"11/15/2021","1:45:51 PM","PSSadmin",1,1,20.8,"ug P/L",1,0.285,0.0103,508,"ug N/L",2,1,0.0585
"108",1,"11/15/2021","1:47:08 PM","PSSadmin",1,1,190,"ug P/L",1,3.01,0.113,261,"ug N/L",2,0.514,0.0303
"109",1,"11/15/2021","1:48:25 PM","PSSadmin",1,1,188,"ug P/L",1,2.99,0.113,283,"ug N/L",2,0.559,0.0304
"CCV Mid 50/500 ug/L",1,"11/15/2021","1:49:43 PM","PSSadmin",1,1,51.4,"ug P/L",1,0.779,0.0292,531,"ug N/L",2,1.05,0.0598
"CCV Low 10/100 ug/L",1,"11/15/2021","1:51:01 PM","PSSadmin",1,1,13.6,"ug P/L",1,0.169,0.00647,137,"ug N/L",2,0.27,0.0129
"CCB ",1,"11/15/2021","1:52:20 PM","PSSadmin",1,1,1.67,"ug P/L",1,-0.0234,-0.00148,-20.6,"ug N/L",2,-0.0423,-0.002
"110",1,"11/15/2021","1:53:39 PM","PSSadmin",1,1,26.1,"ug P/L",1,0.371,0.0135,248,"ug N/L",2,0.49,0.0244
"111",1,"11/15/2021","1:54:58 PM","PSSadmin",1,1,26.1,"ug P/L",1,0.37,0.0132,216,"ug N/L",2,0.425,0.0231
"112",1,"11/15/2021","1:56:17 PM","PSSadmin",1,1,36.5,"ug P/L",1,0.538,0.0192,248,"ug N/L",2,0.488,0.0268
"113",1,"11/15/2021","1:57:36 PM","PSSadmin",1,1,27.5,"ug P/L",1,0.393,0.0114,506,"ug N/L",2,1,0.055
"114",1,"11/15/2021","1:58:54 PM","PSSadmin",1,1,28.1,"ug P/L",1,0.402,0.0169,500,"ug N/L",2,0.988,0.0578
"115",1,"11/15/2021","2:00:13 PM","PSSadmin",1,1,19.2,"ug P/L",1,0.26,0.00931,529,"ug N/L",2,1.04,0.0603
"116",1,"11/15/2021","2:01:31 PM","PSSadmin",1,1,103,"ug P/L",1,1.6,0.0596,990,"ug N/L",2,1.96,0.115
"117",1,"11/15/2021","2:02:49 PM","PSSadmin",1,1,200,"ug P/L",1,3.17,0.12,969,"ug N/L",2,1.92,0.112
"118",1,"11/15/2021","2:04:07 PM","PSSadmin",1,1,79.6,"ug P/L",1,1.23,0.0461,876,"ug N/L",2,1.73,0.102
"119",1,"11/15/2021","2:05:25 PM","PSSadmin",1,1,31.6,"ug P/L",1,0.459,0.0178,577,"ug N/L",2,1.14,0.0664
"CCV Mid 50/500 ug/L",1,"11/15/2021","2:06:43 PM","PSSadmin",1,1,48,"ug P/L",1,0.723,0.0271,522,"ug N/L",2,1.03,0.0586
"CCV Low 10/100 ug/L",1,"11/15/2021","2:08:01 PM","PSSadmin",1,1,11.3,"ug P/L",1,0.132,0.00727,126,"ug N/L",2,0.248,0.0131
"CCB ",1,"11/15/2021","2:09:21 PM","PSSadmin",1,1,-14.2,"ug P/L",1,-0.279,-0.00517,37.6,"ug N/L",2,0.0729,0.0025
"120",1,"11/15/2021","2:10:38 PM","PSSadmin",1,1,27.3,"ug P/L",1,0.391,0.0136,606,"ug N/L",2,1.2,0.0693
"121",1,"11/15/2021","2:11:56 PM","PSSadmin",1,1,19.6,"ug P/L",1,0.266,0.00939,556,"ug N/L",2,1.1,0.0634
"122",1,"11/15/2021","2:13:13 PM","PSSadmin",1,1,163,"ug P/L",1,2.58,0.0979,218,"ug N/L",2,0.43,0.0243
"123",1,"11/15/2021","2:14:31 PM","PSSadmin",1,1,168,"ug P/L",1,2.66,0.101,276,"ug N/L",2,0.545,0.0297
"124",1,"11/15/2021","2:15:48 PM","PSSadmin",1,1,32.9,"ug P/L",1,0.481,0.0176,399,"ug N/L",2,0.787,0.0443
"125",1,"11/15/2021","2:17:07 PM","PSSadmin",1,1,25.6,"ug P/L",1,0.363,0.0132,402,"ug N/L",2,0.794,0.0441
"126",1,"11/15/2021","2:18:26 PM","PSSadmin",1,1,28,"ug P/L",1,0.401,0.0142,452,"ug N/L",2,0.893,0.051
"127",1,"11/15/2021","2:19:45 PM","PSSadmin",1,1,16.1,"ug P/L",1,0.209,0.00726,486,"ug N/L",2,0.96,0.0538
"84 duplicate",1,"11/15/2021","2:21:04 PM","PSSadmin",1,1,17.2,"ug P/L",1,0.227,0.00805,553,"ug N/L",2,1.09,0.0619
"blank",1,"11/15/2021","2:22:23 PM","PSSadmin",1,1,-2.46,"ug P/L",1,-0.09,-0.00361,28.3,"ug N/L",2,0.0545,0.00271
"CCV Mid 50/500 ug/L",1,"11/15/2021","2:23:41 PM","PSSadmin",1,1,42.3,"ug P/L",1,0.632,0.0234,516,"ug N/L",2,1.02,0.0582
"CCV Low 10/100 ug/L",1,"11/15/2021","2:24:59 PM","PSSadmin",1,1,5.54,"ug P/L",1,0.0391,0.00153,151,"ug N/L",2,0.297,0.0145
"CCB ",1,"11/15/2021","2:26:19 PM","PSSadmin",1,1,-7.28,"ug P/L",1,-0.168,-0.00678,9.72,"ug N/L",2,0.0176,0.00178
"blank",1,"11/15/2021","2:27:37 PM","PSSadmin",1,1,-6.96,"ug P/L",1,-0.163,-0.00634,15.2,"ug N/L",2,0.0284,0.00132
"LCS TP",1,"11/15/2021","2:28:56 PM","PSSadmin",1,1,87.2,"ug P/L",1,1.36,0.0512,127,"ug N/L",2,0.249,0.0124
"LCS TN",1,"11/15/2021","2:30:14 PM","PSSadmin",1,1,-5.36,"ug P/L",1,-0.137,-0.0051,-18.3,"ug N/L",2,-0.0378,0.0103
"128",1,"11/15/2021","2:31:32 PM","PSSadmin",1,1,18.3,"ug P/L",1,0.245,0.00828,575,"ug N/L",2,1.14,0.0633
"129",1,"11/15/2021","2:32:50 PM","PSSadmin",1,1,8.8,"ug P/L",1,0.0917,0.00307,558,"ug N/L",2,1.1,0.0637
"130",1,"11/15/2021","2:34:08 PM","PSSadmin",1,1,60.5,"ug P/L",1,0.926,0.0344,768,"ug N/L",2,1.52,0.0878
"131",1,"11/15/2021","2:35:26 PM","PSSadmin",1,1,121,"ug P/L",1,1.9,0.0727,815,"ug N/L",2,1.61,0.0939
"132",1,"11/15/2021","2:36:44 PM","PSSadmin",1,1,63.2,"ug P/L",1,0.968,0.0356,713,"ug N/L",2,1.41,0.079
"133",1,"11/15/2021","2:38:02 PM","PSSadmin",1,1,4.36,"ug P/L",1,0.0201,0.00409,559,"ug N/L",2,1.1,0.0642
"134",1,"11/15/2021","2:39:19 PM","PSSadmin",1,1,24,"ug P/L",1,0.336,0.0121,601,"ug N/L",2,1.19,0.0694
"CCV Mid 50/500 ug/L",1,"11/15/2021","2:40:37 PM","PSSadmin",1,1,42,"ug P/L",1,0.627,0.0234,530,"ug N/L",2,1.05,0.0599
"CCV Low 10/100 ug/L",1,"11/15/2021","2:41:55 PM","PSSadmin",1,1,6.72,"ug P/L",1,0.0581,0.00208,151,"ug N/L",2,0.297,0.0139
"CCB ",1,"11/15/2021","2:43:14 PM","PSSadmin",1,1,-8.73,"ug P/L",1,-0.191,-0.00678,-24.3,"ug N/L",2,-0.0497,-0.00216
"135",1,"11/15/2021","2:44:32 PM","PSSadmin",1,1,11.9,"ug P/L",1,0.142,0.00495,561,"ug N/L",2,1.11,0.061
"136",1,"11/15/2021","2:45:51 PM","PSSadmin",1,1,303,"ug P/L",1,4.83,0.184,464,"ug N/L",2,0.917,0.0525
"137",1,"11/15/2021","2:47:10 PM","PSSadmin",1,1,317,"ug P/L",1,5.06,0.191,532,"ug N/L",2,1.05,0.0619
"138",1,"11/15/2021","2:48:29 PM","PSSadmin",1,1,28.2,"ug P/L",1,0.404,0.0148,415,"ug N/L",2,0.82,0.0451
"139",1,"11/15/2021","2:49:49 PM","PSSadmin",1,1,9.21,"ug P/L",1,0.0982,0.00341,384,"ug N/L",2,0.759,0.043
"140",1,"11/15/2021","2:51:08 PM","PSSadmin",1,1,11.7,"ug P/L",1,0.138,0.00457,415,"ug N/L",2,0.82,0.0467
"141",1,"11/15/2021","2:52:26 PM","PSSadmin",1,1,3.13,"ug P/L",1,0.000137,0.000524,396,"ug N/L",2,0.782,0.0441
"142",1,"11/15/2021","2:53:45 PM","PSSadmin",1,1,20,"ug P/L",1,0.272,0.00954,513,"ug N/L",2,1.01,0.0591
"143",1,"11/15/2021","2:55:03 PM","PSSadmin",1,1,5.81,"ug P/L",1,0.0434,0.00121,499,"ug N/L",2,0.987,0.0569
"144",1,"11/15/2021","2:56:22 PM","PSSadmin",1,1,33.2,"ug P/L",1,0.484,0.0177,540,"ug N/L",2,1.07,0.0606
"CCV Mid 50/500 ug/L",1,"11/15/2021","2:57:40 PM","PSSadmin",1,1,38.2,"ug P/L",1,0.566,0.0212,531,"ug N/L",2,1.05,0.0595
"CCV Low 10/100 ug/L",1,"11/15/2021","2:58:58 PM","PSSadmin",1,1,0.651,"ug P/L",1,-0.0398,-0.00207,146,"ug N/L",2,0.286,0.0145
"CCB ",1,"11/15/2021","3:00:18 PM","PSSadmin",1,1,-9.76,"ug P/L",1,-0.208,-0.00801,-25.6,"ug N/L",2,-0.0523,-0.00168
"145",1,"11/15/2021","3:01:36 PM","PSSadmin",1,1,71.1,"ug P/L",1,1.1,0.0405,542,"ug N/L",2,1.07,0.0611
"146",1,"11/15/2021","3:02:54 PM","PSSadmin",1,1,38.3,"ug P/L",1,0.566,0.0208,559,"ug N/L",2,1.1,0.0617
"147",1,"11/15/2021","3:04:12 PM","PSSadmin",1,1,1.97,"ug P/L",1,-0.0185,-0.00131,406,"ug N/L",2,0.803,0.0456
"148",1,"11/15/2021","3:05:30 PM","PSSadmin",1,1,10.4,"ug P/L",1,0.117,0.00508,463,"ug N/L",2,0.915,0.0517
"149",1,"11/15/2021","3:06:47 PM","PSSadmin",1,1,14.7,"ug P/L",1,0.187,0.00648,509,"ug N/L",2,1.01,0.0549
"150",1,"11/15/2021","3:08:05 PM","PSSadmin",1,1,296,"ug P/L",1,4.72,0.178,480,"ug N/L",2,0.948,0.0537
"151",1,"11/15/2021","3:09:24 PM","PSSadmin",1,1,305,"ug P/L",1,4.86,0.185,-313,"ug N/L",2,-0.62,-0.0506
"sample_id","replicate_number","detection_date","detection_time","user_name","manual_dilution_factor","auto_dilution_factor","p_peak_concentration","p_concentration_units","channel_number","peak_area","peak_height","n_peak_concentration","n_concentration_units","channel_number_1","peak_area_1","peak_height_1"
"Cal Std 1000/3000 ug/l",1,"11/19/2021","9:17:33 AM","PSSadmin",1,1,1000,"ug P/L",1,12.3,0.598,3000,"ug N/L",2,4.58,0.355
"Cal Std 500/1500 ug/L",1,"11/19/2021","9:18:51 AM","PSSadmin",1,1,500,"ug P/L",1,5.52,0.268,1500,"ug N/L",2,2.18,0.164
"Cal Std 100/1000 ug/L",1,"11/19/2021","9:20:08 AM","PSSadmin",1,1,100,"ug P/L",1,0.896,0.0436,1000,"ug N/L",2,1.45,0.108
"Cal Std 50/500 ug/L",1,"11/19/2021","9:21:26 AM","PSSadmin",1,1,50,"ug P/L",1,0.407,0.0194,500,"ug N/L",2,0.736,0.0546
"Cal Std 10/100 ug/L",1,"11/19/2021","9:22:45 AM","PSSadmin",1,1,10,"ug P/L",1,-0.0365,-0.00229,100,"ug N/L",2,0.138,0.0106
"Cal Std 5/50 ug/L",1,"11/19/2021","9:24:04 AM","PSSadmin",1,1,5,"ug P/L",1,-0.157,-0.00779,50,"ug N/L",2,0.0702,0.00512
"Cal Std 0 ug/L",1,"11/19/2021","9:25:23 AM","PSSadmin",1,1,0,"ug P/L",1,-0.12,-0.00568,0,"ug N/L",2,0.0197,0.00148
"CCV Mid 50/500 ug/L",1,"11/19/2021","9:26:41 AM","PSSadmin",1,1,52.3,"ug P/L",1,0.394,0.0193,501,"ug N/L",2,0.736,0.058
"CCV Low 10/100 ug/L",1,"11/19/2021","9:27:59 AM","PSSadmin",1,1,18.8,"ug P/L",1,-0.0195,-0.00158,114,"ug N/L",2,0.148,0.0137
"CCB ",1,"11/19/2021","9:29:19 AM","PSSadmin",1,1,10.7,"ug P/L",1,-0.119,-0.00577,24.7,"ug N/L",2,0.0127,0.00111
"method blank",1,"11/19/2021","9:30:38 AM","PSSadmin",1,1,6.09,"ug P/L",1,-0.176,-0.00854,29.2,"ug N/L",2,0.0197,0.00155
"method blank",1,"11/19/2021","9:31:57 AM","PSSadmin",1,1,3.4,"ug P/L",1,-0.209,-0.0102,14.2,"ug N/L",2,-0.00311,-0.00176
"LCS TP",1,"11/19/2021","9:33:15 AM","PSSadmin",1,1,97.8,"ug P/L",1,0.955,0.046,119,"ug N/L",2,0.156,0.0116
"LCS TN",1,"11/19/2021","9:34:33 AM","PSSadmin",1,1,3.21,"ug P/L",1,-0.211,-0.01,108,"ug N/L",2,0.139,0.0111
"128",1,"11/19/2021","9:35:51 AM","PSSadmin",1,1,25.8,"ug P/L",1,0.0678,0.00392,590,"ug N/L",2,0.871,0.0675
"129",1,"11/19/2021","9:37:10 AM","PSSadmin",1,1,17.9,"ug P/L",1,-0.0302,-0.00216,574,"ug N/L",2,0.847,0.063
"130",1,"11/19/2021","9:38:28 AM","PSSadmin",1,1,72.6,"ug P/L",1,0.645,0.0309,823,"ug N/L",2,1.23,0.0896
"131",1,"11/19/2021","9:39:46 AM","PSSadmin",1,1,135,"ug P/L",1,1.41,0.0691,856,"ug N/L",2,1.28,0.0952
"132",1,"11/19/2021","9:41:03 AM","PSSadmin",1,1,75.5,"ug P/L",1,0.68,0.0329,691,"ug N/L",2,1.03,0.0757
"133",1,"11/19/2021","9:42:21 AM","PSSadmin",1,1,18.9,"ug P/L",1,-0.0177,-0.00129,595,"ug N/L",2,0.879,0.0673
"CCV Mid 50/500 ug/L",1,"11/19/2021","9:43:39 AM","PSSadmin",1,1,53,"ug P/L",1,0.403,0.0194,494,"ug N/L",2,0.726,0.0542
"CCV Low 10/100 ug/L",1,"11/19/2021","9:44:57 AM","PSSadmin",1,1,17.6,"ug P/L",1,-0.0343,-0.00208,101,"ug N/L",2,0.129,0.0104
"CCB ",1,"11/19/2021","9:46:16 AM","PSSadmin",1,1,11.4,"ug P/L",1,-0.11,-0.00545,19.4,"ug N/L",2,0.00472,-0.00105
"134",1,"11/19/2021","9:47:34 AM","PSSadmin",1,1,28.7,"ug P/L",1,0.104,0.00543,604,"ug N/L",2,0.892,0.0685
"135",1,"11/19/2021","9:48:51 AM","PSSadmin",1,1,22.5,"ug P/L",1,0.026,0.00153,601,"ug N/L",2,0.889,0.067
"136",1,"11/19/2021","9:50:10 AM","PSSadmin",1,1,323,"ug P/L",1,3.74,0.182,451,"ug N/L",2,0.66,0.0512
"137",1,"11/19/2021","9:51:29 AM","PSSadmin",1,1,335,"ug P/L",1,3.88,0.187,552,"ug N/L",2,0.814,0.0617
"138",1,"11/19/2021","9:52:49 AM","PSSadmin",1,1,33.1,"ug P/L",1,0.157,0.0081,401,"ug N/L",2,0.585,0.0432
"139",1,"11/19/2021","9:54:09 AM","PSSadmin",1,1,22.3,"ug P/L",1,0.0237,0.00159,382,"ug N/L",2,0.556,0.0463
"140",1,"11/19/2021","9:55:27 AM","PSSadmin",1,1,20.6,"ug P/L",1,0.00283,-0.00149,395,"ug N/L",2,0.575,0.0437
"141",1,"11/19/2021","9:56:46 AM","PSSadmin",1,1,23.8,"ug P/L",1,0.0429,0.0126,388,"ug N/L",2,0.564,0.0426
"142",1,"11/19/2021","9:58:05 AM","PSSadmin",1,1,32.2,"ug P/L",1,0.147,0.00737,540,"ug N/L",2,0.796,0.059
"143",1,"11/19/2021","9:59:23 AM","PSSadmin",1,1,16.1,"ug P/L",1,-0.052,-0.00263,496,"ug N/L",2,0.729,0.0574
"CCV Mid 50/500 ug/L",1,"11/19/2021","10:00:41 AM","PSSadmin",1,1,53.5,"ug P/L",1,0.409,0.0197,488,"ug N/L",2,0.716,0.0539
"CCV Low 10/100 ug/L",1,"11/19/2021","10:02:00 AM","PSSadmin",1,1,22.9,"ug P/L",1,0.0308,0.00428,94.7,"ug N/L",2,0.119,0.00932
"CCB ",1,"11/19/2021","10:03:19 AM","PSSadmin",1,1,10.7,"ug P/L",1,-0.119,-0.00566,17.2,"ug N/L",2,0.00142,-0.00158
"144",1,"11/19/2021","10:04:37 AM","PSSadmin",1,1,47,"ug P/L",1,0.329,0.016,532,"ug N/L",2,0.783,0.0586
"145",1,"11/19/2021","10:05:55 AM","PSSadmin",1,1,95.1,"ug P/L",1,0.922,0.0442,584,"ug N/L",2,0.863,0.0619
"146",1,"11/19/2021","10:07:14 AM","PSSadmin",1,1,47.1,"ug P/L",1,0.331,0.0162,508,"ug N/L",2,0.747,0.0559
"147",1,"11/19/2021","10:08:32 AM","PSSadmin",1,1,14.7,"ug P/L",1,-0.0693,-0.00336,391,"ug N/L",2,0.57,0.0442
"148",1,"11/19/2021","10:09:49 AM","PSSadmin",1,1,23.4,"ug P/L",1,0.0375,0.00232,465,"ug N/L",2,0.681,0.0514
"149",1,"11/19/2021","10:11:07 AM","PSSadmin",1,1,25.1,"ug P/L",1,0.0585,0.00301,503,"ug N/L",2,0.74,0.0556
"150",1,"11/19/2021","10:12:24 AM","PSSadmin",1,1,315,"ug P/L",1,3.64,0.175,487,"ug N/L",2,0.715,0.0533
"151",1,"11/19/2021","10:13:44 AM","PSSadmin",1,1,311,"ug P/L",1,3.59,0.175,433,"ug N/L",2,0.633,0.0486
"49",1,"11/19/2021","10:15:03 AM","PSSadmin",1,1,61.2,"ug P/L",1,0.504,0.0246,189,"ug N/L",2,0.263,0.0204
"51 2X",1,"11/19/2021","10:16:22 AM","PSSadmin",1,1,47.4,"ug P/L",1,0.334,0.0164,2470,"ug N/L",2,3.73,0.287
"CCV Mid 50/500 ug/L",1,"11/19/2021","10:17:40 AM","PSSadmin",1,1,51.2,"ug P/L",1,0.381,0.0186,471,"ug N/L",2,0.69,0.0528
"CCV Low 10/100 ug/L",1,"11/19/2021","10:18:58 AM","PSSadmin",1,1,14.1,"ug P/L",1,-0.0767,-0.00287,106,"ug N/L",2,0.136,0.0105
"CCB ",1,"11/19/2021","10:20:17 AM","PSSadmin",1,1,634,"ug P/L",1,7.58,1.03,56.3,"ug N/L",2,0.0608,0.00413
"57 2X",1,"11/19/2021","10:21:36 AM","PSSadmin",1,1,22.4,"ug P/L",1,0.0251,0.00204,2660,"ug N/L",2,4.02,0.311
"69 2X",1,"11/19/2021","10:22:55 AM","PSSadmin",1,1,31.8,"ug P/L",1,0.141,0.00737,2480,"ug N/L",2,3.74,0.279
"70 2X",1,"11/19/2021","10:24:14 AM","PSSadmin",1,1,14.9,"ug P/L",1,-0.0668,-0.00345,1840,"ug N/L",2,2.77,0.208
"81",1,"11/19/2021","10:25:33 AM","PSSadmin",1,1,24.8,"ug P/L",1,0.0551,0.00305,940,"ug N/L",2,1.4,0.102
"82",1,"11/19/2021","10:26:51 AM","PSSadmin",1,1,28,"ug P/L",1,0.0949,0.00499,1100,"ug N/L",2,1.64,0.127
"83",1,"11/19/2021","10:28:10 AM","PSSadmin",1,1,21.6,"ug P/L",1,0.015,0.000973,849,"ug N/L",2,1.27,0.0934
"51 2X again",1,"11/19/2021","10:30:56 AM","PSSadmin",1,1,740,"ug P/L",1,8.88,1.44,39.5,"ug N/L",2,0.0353,0.00358
"CCV Mid 50/500 ug/L",1,"11/19/2021","10:32:15 AM","PSSadmin",1,1,651,"ug P/L",1,7.79,1.24,32.3,"ug N/L",2,0.0243,0.00757
"CCV Low 10/100 ug/L",1,"11/19/2021","10:33:33 AM","PSSadmin",1,1,593,"ug P/L",1,7.06,1.1,53.8,"ug N/L",2,0.057,0.00366
"CCB ",1,"11/19/2021","10:34:52 AM","PSSadmin",1,1,678,"ug P/L",1,8.11,1.3,52.3,"ug N/L",2,0.0547,0.00347
"sample_id","replicate_number","detection_date","detection_time","user_name","manual_dilution_factor","auto_dilution_factor","p_peak_concentration","p_concentration_units","channel_number","peak_area","peak_height","n_peak_concentration","n_concentration_units","channel_number_1","peak_area_1","peak_height_1"
"Cal Std 1000/3000 ug/l",1,"8/11/2021","1:35:11 PM","PSSadmin",1,1,1000,"ug P/L",1,18.1,0.673,3000,"ug N/L",2,5.27,0.322
"Cal Std 500/1500 ug/L",1,"8/11/2021","1:36:28 PM","PSSadmin",1,1,500,"ug P/L",1,9.4,0.347,1500,"ug N/L",2,2.81,0.171
"Cal Std 100/1000 ug/L",1,"8/11/2021","1:37:46 PM","PSSadmin",1,1,100,"ug P/L",1,2.16,0.079,1000,"ug N/L",2,1.94,0.119
"Cal Std 50/500 ug/L",1,"8/11/2021","1:39:04 PM","PSSadmin",1,1,50,"ug P/L",1,1.19,0.0437,500,"ug N/L",2,1.02,0.0597
"Cal Std 10/100 ug/L",1,"8/11/2021","1:40:22 PM","PSSadmin",1,1,10,"ug P/L",1,0.497,0.0186,100,"ug N/L",2,0.263,0.0128
"Cal Std 5/50 ug/L",1,"8/11/2021","1:41:41 PM","PSSadmin",1,1,5,"ug P/L",1,0.408,0.0154,50,"ug N/L",2,0.126,0.00707
"Cal Std 0 ug/L",1,"8/11/2021","1:43:01 PM","PSSadmin",1,1,0,"ug P/L",1,0.317,0.0117,0,"ug N/L",2,0.0656,0.00236
"CCV Mid 50/500 ug/L",1,"8/11/2021","1:44:19 PM","PSSadmin",1,1,46,"ug P/L",1,1.16,0.0423,477,"ug N/L",2,0.939,0.0544
"CCV Low 10/100 ug/L",1,"8/11/2021","1:45:37 PM","PSSadmin",1,1,7.35,"ug P/L",1,0.47,0.0177,71.2,"ug N/L",2,0.231,0.0112
"CCB ",1,"8/11/2021","1:46:56 PM","PSSadmin",1,1,-2.8,"ug P/L",1,0.289,0.0109,-89.7,"ug N/L",2,-0.0503,-0.00146
"method blank",1,"8/11/2021","1:48:15 PM","PSSadmin",1,1,-1.03,"ug P/L",1,0.32,0.0125,-24.7,"ug N/L",2,0.0632,0.00164
"method blank",1,"8/11/2021","1:49:34 PM","PSSadmin",1,1,-0.584,"ug P/L",1,0.328,0.0127,-89.5,"ug N/L",2,-0.0499,-0.00151
"LCS TP",1,"8/11/2021","1:50:52 PM","PSSadmin",1,1,83.6,"ug P/L",1,1.83,0.0674,30.4,"ug N/L",2,0.159,0.00779
"LCS TN",1,"8/11/2021","1:52:10 PM","PSSadmin",1,1,-0.198,"ug P/L",1,0.335,0.0129,171,"ug N/L",2,0.405,0.0225
"5",1,"8/11/2021","1:53:28 PM","PSSadmin",1,1,31.5,"ug P/L",1,0.901,0.0332,502,"ug N/L",2,0.984,0.0603
"6",1,"8/11/2021","1:54:47 PM","PSSadmin",1,1,24.8,"ug P/L",1,0.781,0.0289,5790,"ug N/L",2,10.2,0.637
"7",1,"8/11/2021","1:56:04 PM","PSSadmin",1,1,34.4,"ug P/L",1,0.952,0.0356,7890,"ug N/L",2,13.9,0.872
"8",1,"8/11/2021","1:57:22 PM","PSSadmin",1,1,-0.131,"ug P/L",1,0.336,0.0131,5260,"ug N/L",2,9.3,0.58
"9",1,"8/11/2021","1:58:40 PM","PSSadmin",1,1,-0.639,"ug P/L",1,0.327,0.0125,7390,"ug N/L",2,13,0.819
"10",1,"8/11/2021","1:59:57 PM","PSSadmin",1,1,67.7,"ug P/L",1,1.55,0.0581,6030,"ug N/L",2,10.6,0.665
"CCV Mid 50/500 ug/L",1,"8/11/2021","2:01:15 PM","PSSadmin",1,1,48.7,"ug P/L",1,1.21,0.0451,579,"ug N/L",2,1.12,0.069
"CCV Low 10/100 ug/L",1,"8/11/2021","2:02:34 PM","PSSadmin",1,1,3.16,"ug P/L",1,0.395,0.0164,81.9,"ug N/L",2,0.25,0.0121
"CCB ",1,"8/11/2021","2:03:54 PM","PSSadmin",1,1,-11,"ug P/L",1,0.143,0.00476,-84.1,"ug N/L",2,-0.0405,-0.00183
"11",1,"8/11/2021","2:05:11 PM","PSSadmin",1,1,18.6,"ug P/L",1,0.672,0.0263,7130,"ug N/L",2,12.6,0.791
"12",1,"8/11/2021","2:06:28 PM","PSSadmin",1,1,2.39,"ug P/L",1,0.382,0.0139,6820,"ug N/L",2,12,0.756
"13",1,"8/11/2021","2:07:45 PM","PSSadmin",1,1,0.367,"ug P/L",1,0.345,0.0138,7450,"ug N/L",2,13.1,0.83
"14",1,"8/11/2021","2:09:02 PM","PSSadmin",1,1,-8.15,"ug P/L",1,0.193,0.00675,8000,"ug N/L",2,14.1,0.886
"15",1,"8/11/2021","2:10:19 PM","PSSadmin",1,1,-10.5,"ug P/L",1,0.151,0.00623,9020,"ug N/L",2,15.9,1
"16",1,"8/11/2021","2:11:38 PM","PSSadmin",1,1,736,"ug P/L",1,13.5,0.516,3970,"ug N/L",2,7.03,0.443
"17",1,"8/11/2021","2:12:57 PM","PSSadmin",1,1,41.1,"ug P/L",1,1.07,0.0416,6410,"ug N/L",2,11.3,0.71
"18",1,"8/11/2021","2:14:16 PM","PSSadmin",1,1,37.1,"ug P/L",1,1,0.0383,314,"ug N/L",2,0.655,0.04
"19",1,"8/11/2021","2:15:34 PM","PSSadmin",1,1,62.3,"ug P/L",1,1.45,0.0543,2500,"ug N/L",2,4.48,0.28
"20",1,"8/11/2021","2:16:53 PM","PSSadmin",1,1,1040,"ug P/L",1,18.8,0.721,3020,"ug N/L",2,5.38,0.337
"CCV Mid 50/500 ug/L",1,"8/11/2021","2:18:11 PM","PSSadmin",1,1,64.4,"ug P/L",1,1.49,0.057,532,"ug N/L",2,1.04,0.0639
"CCV Low 10/100 ug/L",1,"8/11/2021","2:19:29 PM","PSSadmin",1,1,6.37,"ug P/L",1,0.452,0.0174,90.7,"ug N/L",2,0.265,0.0131
"CCB ",1,"8/11/2021","2:20:48 PM","PSSadmin",1,1,-7.01,"ug P/L",1,0.214,0.0092,-29.5,"ug N/L",2,0.0549,0.00229
"21",1,"8/11/2021","2:22:07 PM","PSSadmin",1,1,27.4,"ug P/L",1,0.827,0.0309,5170,"ug N/L",2,9.13,0.567
"22",1,"8/11/2021","2:23:25 PM","PSSadmin",1,1,31.3,"ug P/L",1,0.897,0.0343,740,"ug N/L",2,1.4,0.0855
"23",1,"8/11/2021","2:24:43 PM","PSSadmin",1,1,9.16,"ug P/L",1,0.502,0.0192,697,"ug N/L",2,1.32,0.0814
"24",1,"8/11/2021","2:26:00 PM","PSSadmin",1,1,10.3,"ug P/L",1,0.523,0.0205,1410,"ug N/L",2,2.57,0.161
"25",1,"8/11/2021","2:27:18 PM","PSSadmin",1,1,11,"ug P/L",1,0.536,0.0214,2940,"ug N/L",2,5.24,0.329
"26",1,"8/11/2021","2:28:36 PM","PSSadmin",1,1,-0.0119,"ug P/L",1,0.339,0.0139,5720,"ug N/L",2,10.1,0.637
"27",1,"8/11/2021","2:29:53 PM","PSSadmin",1,1,-0.905,"ug P/L",1,0.323,0.0122,5910,"ug N/L",2,10.4,0.65
"28",1,"8/11/2021","2:31:11 PM","PSSadmin",1,1,56.2,"ug P/L",1,1.34,0.0515,1180,"ug N/L",2,2.17,0.135
"29",1,"8/11/2021","2:32:28 PM","PSSadmin",1,1,87.1,"ug P/L",1,1.89,0.0721,4190,"ug N/L",2,7.42,0.463
"30",1,"8/11/2021","2:33:45 PM","PSSadmin",1,1,45.9,"ug P/L",1,1.16,0.0445,6120,"ug N/L",2,10.8,0.675
"CCV Mid 50/500 ug/L",1,"8/11/2021","2:35:03 PM","PSSadmin",1,1,50.9,"ug P/L",1,1.25,0.0469,585,"ug N/L",2,1.13,0.0686
"CCV Low 10/100 ug/L",1,"8/11/2021","2:36:21 PM","PSSadmin",1,1,7.47,"ug P/L",1,0.472,0.018,80.4,"ug N/L",2,0.247,0.0134
"CCB ",1,"8/11/2021","2:37:40 PM","PSSadmin",1,1,-6.26,"ug P/L",1,0.227,0.00927,-89.4,"ug N/L",2,-0.0498,-0.00169
"31",1,"8/11/2021","2:39:00 PM","PSSadmin",1,1,19.2,"ug P/L",1,0.681,0.0262,3500,"ug N/L",2,6.23,0.389
"32",1,"8/11/2021","2:40:19 PM","PSSadmin",1,1,-0.517,"ug P/L",1,0.33,0.0131,10700,"ug N/L",2,18.8,1.18
"33",1,"8/11/2021","2:41:38 PM","PSSadmin",1,1,1.26,"ug P/L",1,0.361,0.0145,7170,"ug N/L",2,12.6,0.793
"34",1,"8/11/2021","2:42:56 PM","PSSadmin",1,1,51.1,"ug P/L",1,1.25,0.0485,376,"ug N/L",2,0.763,0.0468
"35",1,"8/11/2021","2:44:15 PM","PSSadmin",1,1,42.1,"ug P/L",1,1.09,0.0412,2870,"ug N/L",2,5.12,0.32
"36",1,"8/11/2021","2:45:33 PM","PSSadmin",1,1,709,"ug P/L",1,13,0.502,2810,"ug N/L",2,5.02,0.315
"37",1,"8/11/2021","2:46:52 PM","PSSadmin",1,1,52.1,"ug P/L",1,1.27,0.0489,3240,"ug N/L",2,5.77,0.361
"38",1,"8/11/2021","2:48:10 PM","PSSadmin",1,1,21.5,"ug P/L",1,0.722,0.0282,41200,"ug N/L",2,72,4.2
"39",1,"8/11/2021","2:49:28 PM","PSSadmin",1,1,24.8,"ug P/L",1,0.782,0.0303,55700,"ug N/L",2,97.4,5.07
"40",1,"8/11/2021","2:50:45 PM","PSSadmin",1,1,355,"ug P/L",1,6.67,0.236,26900,"ug N/L",2,47.1,2.87
"CCV Mid 50/500 ug/L",1,"8/11/2021","2:52:04 PM","PSSadmin",1,1,56.9,"ug P/L",1,1.36,0.0533,1230,"ug N/L",2,2.25,0.141
"CCV Low 10/100 ug/L",1,"8/11/2021","2:53:22 PM","PSSadmin",1,1,7.41,"ug P/L",1,0.471,0.0182,80.4,"ug N/L",2,0.247,0.0137
"CCB ",1,"8/11/2021","2:54:42 PM","PSSadmin",1,1,-6.35,"ug P/L",1,0.225,0.00944,-76.9,"ug N/L",2,-0.0279,-0.00172
"41",1,"8/11/2021","2:55:59 PM","PSSadmin",1,1,184,"ug P/L",1,3.63,0.139,33200,"ug N/L",2,58.1,3.49
"42",1,"8/11/2021","2:57:16 PM","PSSadmin",1,1,73.5,"ug P/L",1,1.65,0.0638,31500,"ug N/L",2,55.2,3.33
"43",1,"8/11/2021","2:58:34 PM","PSSadmin",1,1,75.3,"ug P/L",1,1.68,0.0656,58100,"ug N/L",2,102,5.16
"44",1,"8/11/2021","2:59:51 PM","PSSadmin",1,1,3.27,"ug P/L",1,0.397,0.0161,58300,"ug N/L",2,102,5.17
"45",1,"8/11/2021","3:01:09 PM","PSSadmin",1,1,12.3,"ug P/L",1,0.558,0.0219,58200,"ug N/L",2,102,5.18
"46",1,"8/11/2021","3:02:28 PM","PSSadmin",1,1,18,"ug P/L",1,0.661,0.026,28800,"ug N/L",2,50.4,3.06
"47",1,"8/11/2021","3:03:47 PM","PSSadmin",1,1,30.5,"ug P/L",1,0.884,0.0339,27800,"ug N/L",2,48.7,2.96
"48",1,"8/11/2021","3:05:06 PM","PSSadmin",1,1,28.2,"ug P/L",1,0.841,0.0331,46300,"ug N/L",2,81,4.55
"49",1,"8/11/2021","3:06:24 PM","PSSadmin",1,1,48.1,"ug P/L",1,1.2,0.0461,33600,"ug N/L",2,58.7,3.52
"50",1,"8/11/2021","3:07:43 PM","PSSadmin",1,1,37.3,"ug P/L",1,1,0.0391,1170,"ug N/L",2,2.15,0.135
"CCV Mid 50/500 ug/L",1,"8/11/2021","3:11:49 PM","PSSadmin",1,1,48.4,"ug P/L",1,1.2,0.0469,529,"ug N/L",2,1.03,0.0623
"CCV Low 10/100 ug/L",1,"8/11/2021","3:13:07 PM","PSSadmin",1,1,7.88,"ug P/L",1,0.479,0.0186,205,"ug N/L",2,0.465,0.0245
"CCB ",1,"8/11/2021","3:14:26 PM","PSSadmin",1,1,-5.74,"ug P/L",1,0.236,0.00991,-73.5,"ug N/L",2,-0.022,-0.0013
"10 MG/L post dig std",1,"8/11/2021","3:15:45 PM","PSSadmin",1,1,-18.2,"ug P/L",1,0.0144,0.00143,9110,"ug N/L",2,16,1.01
"CCV Mid 50/500 ug/L",1,"8/11/2021","3:17:03 PM","PSSadmin",1,1,47.7,"ug P/L",1,1.19,0.0467,714,"ug N/L",2,1.35,0.0844
"CCV Low 10/100 ug/L",1,"8/11/2021","3:18:22 PM","PSSadmin",1,1,5.45,"ug P/L",1,0.436,0.0175,74.4,"ug N/L",2,0.236,0.0134
"CCB ",1,"8/11/2021","3:19:41 PM","PSSadmin",1,1,-18.1,"ug P/L",1,0.0153,0.00167,-30.2,"ug N/L",2,0.0536,0.00255
"sample_id","replicate_number","detection_date","detection_time","user_name","manual_dilution_factor","auto_dilution_factor","p_peak_concentration","p_concentration_units","channel_number","peak_area","peak_height","n_peak_concentration","n_concentration_units","channel_number_1","peak_area_1","peak_height_1"
"Cal Std 1000/3000 ug/l",1,"9/29/2021","3:48:41 PM","PSSadmin",1,1,1000,"ug P/L",1,20.2,0.704,3000,"ug N/L",2,5.95,0.361
"Cal Std 500/1500 ug/L",1,"9/29/2021","3:49:58 PM","PSSadmin",1,1,500,"ug P/L",1,10.8,0.376,1500,"ug N/L",2,3.55,0.219
"Cal Std 100/1000 ug/L",1,"9/29/2021","3:51:16 PM","PSSadmin",1,1,100,"ug P/L",1,2.33,0.081,1000,"ug N/L",2,2.38,0.14
"Cal Std 50/500 ug/L",1,"9/29/2021","3:52:34 PM","PSSadmin",1,1,50,"ug P/L",1,1.28,0.0439,500,"ug N/L",2,1.42,0.0826
"Cal Std 10/100 ug/L",1,"9/29/2021","3:53:52 PM","PSSadmin",1,1,10,"ug P/L",1,0.678,0.0239,100,"ug N/L",2,0.8,0.0478
"Cal Std 5/50 ug/L",1,"9/29/2021","3:55:11 PM","PSSadmin",1,1,5,"ug P/L",1,0.55,0.0195,50,"ug N/L",2,0.585,0.0362
"Cal Std 0 ug/L",1,"9/29/2021","3:56:30 PM","PSSadmin",1,1,0,"ug P/L",1,0.491,0.0178,0,"ug N/L",2,0.504,0.0273
"CCV Mid 50/500 ug/L",1,"9/29/2021","3:57:49 PM","PSSadmin",1,1,41.3,"ug P/L",1,1.27,0.0433,439,"ug N/L",2,1.36,0.0807
"CCV Low 10/100 ug/L",1,"9/29/2021","3:59:07 PM","PSSadmin",1,1,11.7,"ug P/L",1,0.681,0.024,124,"ug N/L",2,0.781,0.0451
"CCB ",1,"9/29/2021","4:00:26 PM","PSSadmin",1,1,1.72,"ug P/L",1,0.482,0.0176,-22.7,"ug N/L",2,0.512,0.0276
"method blank",1,"9/29/2021","4:01:45 PM","PSSadmin",1,1,2.98,"ug P/L",1,0.508,0.0183,-198,"ug N/L",2,0.19,0.00834
"method blank",1,"9/29/2021","4:03:03 PM","PSSadmin",1,1,7.64,"ug P/L",1,0.6,0.0216,-216,"ug N/L",2,0.156,0.00885
"LCS TP",1,"9/29/2021","4:04:22 PM","PSSadmin",1,1,96.6,"ug P/L",1,2.37,0.0787,-142,"ug N/L",2,0.292,0.0167
"LCS TN",1,"9/29/2021","4:05:40 PM","PSSadmin",1,1,4.39,"ug P/L",1,0.536,0.0201,-121,"ug N/L",2,0.332,0.0197
"5",1,"9/29/2021","4:06:58 PM","PSSadmin",1,1,288,"ug P/L",1,6.18,0.209,845,"ug N/L",2,2.11,0.131
"6",1,"9/29/2021","4:08:17 PM","PSSadmin",1,1,59.6,"ug P/L",1,1.64,0.0561,9.44,"ug N/L",2,0.571,0.0331
"7",1,"9/29/2021","4:09:34 PM","PSSadmin",1,1,60.3,"ug P/L",1,1.65,0.0561,104,"ug N/L",2,0.745,0.0426
"8",1,"9/29/2021","4:10:52 PM","PSSadmin",1,1,28.2,"ug P/L",1,1.01,0.0368,4320,"ug N/L",2,8.49,0.525
"9",1,"9/29/2021","4:12:10 PM","PSSadmin",1,1,71.3,"ug P/L",1,1.87,0.0618,2640,"ug N/L",2,5.41,0.334
"10",1,"9/29/2021","4:13:27 PM","PSSadmin",1,1,774,"ug P/L",1,15.9,0.546,1730,"ug N/L",2,3.74,0.226
"CCV Mid 50/500 ug/L",1,"9/29/2021","4:14:45 PM","PSSadmin",1,1,46.6,"ug P/L",1,1.38,0.0505,505,"ug N/L",2,1.48,0.0865
"CCV Low 10/100 ug/L",1,"9/29/2021","4:16:04 PM","PSSadmin",1,1,11.4,"ug P/L",1,0.676,0.0243,132,"ug N/L",2,0.796,0.047
"CCB ",1,"9/29/2021","4:17:23 PM","PSSadmin",1,1,0.216,"ug P/L",1,0.452,0.0172,-42.8,"ug N/L",2,0.475,0.029
"11",1,"9/29/2021","4:18:41 PM","PSSadmin",1,1,80.7,"ug P/L",1,2.06,0.0717,1380,"ug N/L",2,3.08,0.186
"12",1,"9/29/2021","4:19:58 PM","PSSadmin",1,1,129,"ug P/L",1,3.01,0.104,1390,"ug N/L",2,3.11,0.189
"13",1,"9/29/2021","4:21:15 PM","PSSadmin",1,1,71.5,"ug P/L",1,1.87,0.066,1120,"ug N/L",2,2.6,0.16
"14",1,"9/29/2021","4:22:32 PM","PSSadmin",1,1,21.3,"ug P/L",1,0.872,0.0323,5130,"ug N/L",2,9.98,0.619
"15",1,"9/29/2021","4:23:49 PM","PSSadmin",1,1,21.1,"ug P/L",1,0.868,0.0309,2620,"ug N/L",2,5.38,0.335
"16",1,"9/29/2021","4:25:08 PM","PSSadmin",1,1,27,"ug P/L",1,0.985,0.0355,2120,"ug N/L",2,4.45,0.274
"17",1,"9/29/2021","4:26:27 PM","PSSadmin",1,1,16.4,"ug P/L",1,0.774,0.0271,608,"ug N/L",2,1.67,0.0979
"18",1,"9/29/2021","4:27:45 PM","PSSadmin",1,1,25.5,"ug P/L",1,0.955,0.0337,445,"ug N/L",2,1.37,0.0801
"19",1,"9/29/2021","4:29:04 PM","PSSadmin",1,1,18,"ug P/L",1,0.807,0.029,612,"ug N/L",2,1.68,0.0989
"20",1,"9/29/2021","4:30:22 PM","PSSadmin",1,1,32.6,"ug P/L",1,1.1,0.0391,2920,"ug N/L",2,5.93,0.364
"CCV Mid 50/500 ug/L",1,"9/29/2021","4:31:41 PM","PSSadmin",1,1,43.5,"ug P/L",1,1.32,0.0466,525,"ug N/L",2,1.52,0.089
"CCV Low 10/100 ug/L",1,"9/29/2021","4:32:59 PM","PSSadmin",1,1,12.1,"ug P/L",1,0.689,0.0248,127,"ug N/L",2,0.787,0.0454
"CCB ",1,"9/29/2021","4:34:18 PM","PSSadmin",1,1,0.967,"ug P/L",1,0.467,0.0173,-42.5,"ug N/L",2,0.476,0.0288
"21",1,"9/29/2021","4:35:37 PM","PSSadmin",1,1,22.3,"ug P/L",1,0.893,0.0322,1900,"ug N/L",2,4.04,0.244
"22",1,"9/29/2021","4:36:55 PM","PSSadmin",1,1,248,"ug P/L",1,5.38,0.186,1670,"ug N/L",2,3.62,0.225
"23",1,"9/29/2021","4:38:13 PM","PSSadmin",1,1,98.3,"ug P/L",1,2.41,0.0853,2190,"ug N/L",2,4.57,0.28
"24",1,"9/29/2021","4:39:31 PM","PSSadmin",1,1,90.9,"ug P/L",1,2.26,0.0803,1570,"ug N/L",2,3.44,0.205
"25",1,"9/29/2021","4:40:48 PM","PSSadmin",1,1,53.8,"ug P/L",1,1.52,0.0557,1670,"ug N/L",2,3.62,0.217
"26",1,"9/29/2021","4:42:06 PM","PSSadmin",1,1,37.5,"ug P/L",1,1.2,0.0427,4760,"ug N/L",2,9.31,0.581
"27",1,"9/29/2021","4:43:23 PM","PSSadmin",1,1,46.6,"ug P/L",1,1.38,0.0488,3580,"ug N/L",2,7.14,0.445
"28",1,"9/29/2021","4:44:41 PM","PSSadmin",1,1,24.1,"ug P/L",1,0.929,0.0331,2590,"ug N/L",2,5.31,0.328
"29",1,"9/29/2021","4:45:58 PM","PSSadmin",1,1,28.7,"ug P/L",1,1.02,0.036,606,"ug N/L",2,1.67,0.0995
"30",1,"9/29/2021","4:47:15 PM","PSSadmin",1,1,33.1,"ug P/L",1,1.11,0.0379,468,"ug N/L",2,1.41,0.0821
"CCV Mid 50/500 ug/L",1,"9/29/2021","4:48:33 PM","PSSadmin",1,1,47,"ug P/L",1,1.38,0.049,419,"ug N/L",2,1.32,0.0778
"CCV Low 10/100 ug/L",1,"9/29/2021","4:49:52 PM","PSSadmin",1,1,13.1,"ug P/L",1,0.71,0.0257,111,"ug N/L",2,0.758,0.0438
"CCB ",1,"9/29/2021","4:51:11 PM","PSSadmin",1,1,1.11,"ug P/L",1,0.47,0.0173,-46.1,"ug N/L",2,0.469,0.0265
"31",1,"9/29/2021","4:52:30 PM","PSSadmin",1,1,37.4,"ug P/L",1,1.19,0.0416,430,"ug N/L",2,1.34,0.079
"32",1,"9/29/2021","4:53:48 PM","PSSadmin",1,1,18.3,"ug P/L",1,0.812,0.0286,777,"ug N/L",2,1.98,0.12
"33",1,"9/29/2021","4:55:07 PM","PSSadmin",1,1,29.5,"ug P/L",1,1.04,0.0363,1130,"ug N/L",2,2.63,0.157
"34",1,"9/29/2021","4:56:25 PM","PSSadmin",1,1,31.8,"ug P/L",1,1.08,0.0379,1020,"ug N/L",2,2.42,0.143
"35",1,"9/29/2021","4:57:44 PM","PSSadmin",1,1,347,"ug P/L",1,7.36,0.26,2010,"ug N/L",2,4.24,0.261
"36",1,"9/29/2021","4:59:02 PM","PSSadmin",1,1,861,"ug P/L",1,17.6,0.626,2500,"ug N/L",2,5.14,0.32
"37",1,"9/29/2021","5:00:21 PM","PSSadmin",1,1,474,"ug P/L",1,9.88,0.352,1930,"ug N/L",2,4.1,0.25
"sample_id","detection_date","p_peak_concentration","p_concentration_units","n_peak_concentration","n_concentration_units"
"Cal Std 1000/3000 ug/l","11/15/2021",1000,"ug P/L",3000,"ug N/L"
"Cal Std 500/1500 ug/L","11/15/2021",500,"ug P/L",1500,"ug N/L"
"Cal Std 100/1000 ug/L","11/15/2021",100,"ug P/L",1000,"ug N/L"
"Cal Std 50/500 ug/L","11/15/2021",50,"ug P/L",500,"ug N/L"
"Cal Std 10/100 ug/L","11/15/2021",10,"ug P/L",100,"ug N/L"
"Cal Std 5/50 ug/L","11/15/2021",5,"ug P/L",50,"ug N/L"
"Cal Std 0 ug/L","11/15/2021",0,"ug P/L",0,"ug N/L"
"CCV Mid 50/500 ug/L","11/15/2021",54.7,"ug P/L",556,"ug N/L"
"CCV Low 10/100 ug/L","11/15/2021",13.3,"ug P/L",124,"ug N/L"
"CCB ","11/15/2021",-0.288,"ug P/L",-21,"ug N/L"
"method blank","11/15/2021",2.21,"ug P/L",35.9,"ug N/L"
"method blank","11/15/2021",-2.15,"ug P/L",28.1,"ug N/L"
"LCS TP","11/15/2021",91.7,"ug P/L",153,"ug N/L"
"LCS TN","11/15/2021",-9.13,"ug P/L",148,"ug N/L"
"84","11/15/2021",15.9,"ug P/L",574,"ug N/L"
"85","11/15/2021",-0.314,"ug P/L",361,"ug N/L"
"86","11/15/2021",21,"ug P/L",422,"ug N/L"
"87","11/15/2021",15.6,"ug P/L",755,"ug N/L"
"88","11/15/2021",26.5,"ug P/L",745,"ug N/L"
"89","11/15/2021",21.5,"ug P/L",760,"ug N/L"
"CCV Mid 50/500 ug/L","11/15/2021",48.4,"ug P/L",535,"ug N/L"
"CCV Low 10/100 ug/L","11/15/2021",11.2,"ug P/L",125,"ug N/L"
"CCB ","11/15/2021",0.243,"ug P/L",-1.66,"ug N/L"
"90","11/15/2021",171,"ug P/L",1530,"ug N/L"
"91","11/15/2021",480,"ug P/L",1860,"ug N/L"
"92","11/15/2021",225,"ug P/L",1710,"ug N/L"
"93","11/15/2021",28.9,"ug P/L",802,"ug N/L"
"94","11/15/2021",38.1,"ug P/L",901,"ug N/L"
"95","11/15/2021",28.9,"ug P/L",750,"ug N/L"
"96","11/15/2021",24.9,"ug P/L",313,"ug N/L"
"97","11/15/2021",22.3,"ug P/L",275,"ug N/L"
"98","11/15/2021",8.06,"ug P/L",204,"ug N/L"
"99","11/15/2021",18.8,"ug P/L",513,"ug N/L"
"CCV Mid 50/500 ug/L","11/15/2021",49,"ug P/L",552,"ug N/L"
"CCV Low 10/100 ug/L","11/15/2021",10.5,"ug P/L",119,"ug N/L"
"CCB ","11/15/2021",-0.527,"ug P/L",22.4,"ug N/L"
"100","11/15/2021",8.18,"ug P/L",378,"ug N/L"
"101","11/15/2021",17.2,"ug P/L",524,"ug N/L"
"102","11/15/2021",96,"ug P/L",878,"ug N/L"
"103","11/15/2021",288,"ug P/L",1100,"ug N/L"
"104","11/15/2021",141,"ug P/L",1040,"ug N/L"
"105","11/15/2021",45.5,"ug P/L",669,"ug N/L"
"106","11/15/2021",42.7,"ug P/L",613,"ug N/L"
"107","11/15/2021",20.8,"ug P/L",508,"ug N/L"
"108","11/15/2021",190,"ug P/L",261,"ug N/L"
"109","11/15/2021",188,"ug P/L",283,"ug N/L"
"CCV Mid 50/500 ug/L","11/15/2021",51.4,"ug P/L",531,"ug N/L"
"CCV Low 10/100 ug/L","11/15/2021",13.6,"ug P/L",137,"ug N/L"
"CCB ","11/15/2021",1.67,"ug P/L",-20.6,"ug N/L"
"110","11/15/2021",26.1,"ug P/L",248,"ug N/L"
"111","11/15/2021",26.1,"ug P/L",216,"ug N/L"
"112","11/15/2021",36.5,"ug P/L",248,"ug N/L"
"113","11/15/2021",27.5,"ug P/L",506,"ug N/L"
"114","11/15/2021",28.1,"ug P/L",500,"ug N/L"
"115","11/15/2021",19.2,"ug P/L",529,"ug N/L"
"116","11/15/2021",103,"ug P/L",990,"ug N/L"
"117","11/15/2021",200,"ug P/L",969,"ug N/L"
"118","11/15/2021",79.6,"ug P/L",876,"ug N/L"
"119","11/15/2021",31.6,"ug P/L",577,"ug N/L"
"CCV Mid 50/500 ug/L","11/15/2021",48,"ug P/L",522,"ug N/L"
"CCV Low 10/100 ug/L","11/15/2021",11.3,"ug P/L",126,"ug N/L"
"CCB ","11/15/2021",-14.2,"ug P/L",37.6,"ug N/L"
"120","11/15/2021",27.3,"ug P/L",606,"ug N/L"
"121","11/15/2021",19.6,"ug P/L",556,"ug N/L"
"122","11/15/2021",163,"ug P/L",218,"ug N/L"
"123","11/15/2021",168,"ug P/L",276,"ug N/L"
"124","11/15/2021",32.9,"ug P/L",399,"ug N/L"
"125","11/15/2021",25.6,"ug P/L",402,"ug N/L"
"126","11/15/2021",28,"ug P/L",452,"ug N/L"
"127","11/15/2021",16.1,"ug P/L",486,"ug N/L"
"84 duplicate","11/15/2021",17.2,"ug P/L",553,"ug N/L"
"blank","11/15/2021",-2.46,"ug P/L",28.3,"ug N/L"
"CCV Mid 50/500 ug/L","11/15/2021",42.3,"ug P/L",516,"ug N/L"
"CCV Low 10/100 ug/L","11/15/2021",5.54,"ug P/L",151,"ug N/L"
"CCB ","11/15/2021",-7.28,"ug P/L",9.72,"ug N/L"
"blank","11/15/2021",-6.96,"ug P/L",15.2,"ug N/L"
"LCS TP","11/15/2021",87.2,"ug P/L",127,"ug N/L"
"LCS TN","11/15/2021",-5.36,"ug P/L",-18.3,"ug N/L"
"128","11/15/2021",18.3,"ug P/L",575,"ug N/L"
"129","11/15/2021",8.8,"ug P/L",558,"ug N/L"
"130","11/15/2021",60.5,"ug P/L",768,"ug N/L"
"131","11/15/2021",121,"ug P/L",815,"ug N/L"
"132","11/15/2021",63.2,"ug P/L",713,"ug N/L"
"133","11/15/2021",4.36,"ug P/L",559,"ug N/L"
"134","11/15/2021",24,"ug P/L",601,"ug N/L"
"CCV Mid 50/500 ug/L","11/15/2021",42,"ug P/L",530,"ug N/L"
"CCV Low 10/100 ug/L","11/15/2021",6.72,"ug P/L",151,"ug N/L"
"CCB ","11/15/2021",-8.73,"ug P/L",-24.3,"ug N/L"
"135","11/15/2021",11.9,"ug P/L",561,"ug N/L"
"136","11/15/2021",303,"ug P/L",464,"ug N/L"
"137","11/15/2021",317,"ug P/L",532,"ug N/L"
"138","11/15/2021",28.2,"ug P/L",415,"ug N/L"
"139","11/15/2021",9.21,"ug P/L",384,"ug N/L"
"140","11/15/2021",11.7,"ug P/L",415,"ug N/L"
"141","11/15/2021",3.13,"ug P/L",396,"ug N/L"
"142","11/15/2021",20,"ug P/L",513,"ug N/L"
"143","11/15/2021",5.81,"ug P/L",499,"ug N/L"
"144","11/15/2021",33.2,"ug P/L",540,"ug N/L"
"CCV Mid 50/500 ug/L","11/15/2021",38.2,"ug P/L",531,"ug N/L"
"CCV Low 10/100 ug/L","11/15/2021",0.651,"ug P/L",146,"ug N/L"
"CCB ","11/15/2021",-9.76,"ug P/L",-25.6,"ug N/L"
"145","11/15/2021",71.1,"ug P/L",542,"ug N/L"
"146","11/15/2021",38.3,"ug P/L",559,"ug N/L"
"147","11/15/2021",1.97,"ug P/L",406,"ug N/L"
"148","11/15/2021",10.4,"ug P/L",463,"ug N/L"
"149","11/15/2021",14.7,"ug P/L",509,"ug N/L"
"150","11/15/2021",296,"ug P/L",480,"ug N/L"
"151","11/15/2021",305,"ug P/L",-313,"ug N/L"
"sample_id","detection_date","p_peak_concentration","p_concentration_units","n_peak_concentration","n_concentration_units"
"Cal Std 1000/3000 ug/l","11/19/2021",1000,"ug P/L",3000,"ug N/L"
"Cal Std 500/1500 ug/L","11/19/2021",500,"ug P/L",1500,"ug N/L"
"Cal Std 100/1000 ug/L","11/19/2021",100,"ug P/L",1000,"ug N/L"
"Cal Std 50/500 ug/L","11/19/2021",50,"ug P/L",500,"ug N/L"
"Cal Std 10/100 ug/L","11/19/2021",10,"ug P/L",100,"ug N/L"
"Cal Std 5/50 ug/L","11/19/2021",5,"ug P/L",50,"ug N/L"
"Cal Std 0 ug/L","11/19/2021",0,"ug P/L",0,"ug N/L"
"CCV Mid 50/500 ug/L","11/19/2021",52.3,"ug P/L",501,"ug N/L"
"CCV Low 10/100 ug/L","11/19/2021",18.8,"ug P/L",114,"ug N/L"
"CCB ","11/19/2021",10.7,"ug P/L",24.7,"ug N/L"
"method blank","11/19/2021",6.09,"ug P/L",29.2,"ug N/L"
"method blank","11/19/2021",3.4,"ug P/L",14.2,"ug N/L"
"LCS TP","11/19/2021",97.8,"ug P/L",119,"ug N/L"
"LCS TN","11/19/2021",3.21,"ug P/L",108,"ug N/L"
"128","11/19/2021",25.8,"ug P/L",590,"ug N/L"
"129","11/19/2021",17.9,"ug P/L",574,"ug N/L"
"130","11/19/2021",72.6,"ug P/L",823,"ug N/L"
"131","11/19/2021",135,"ug P/L",856,"ug N/L"
"132","11/19/2021",75.5,"ug P/L",691,"ug N/L"
"133","11/19/2021",18.9,"ug P/L",595,"ug N/L"
"CCV Mid 50/500 ug/L","11/19/2021",53,"ug P/L",494,"ug N/L"
"CCV Low 10/100 ug/L","11/19/2021",17.6,"ug P/L",101,"ug N/L"
"CCB ","11/19/2021",11.4,"ug P/L",19.4,"ug N/L"
"134","11/19/2021",28.7,"ug P/L",604,"ug N/L"
"135","11/19/2021",22.5,"ug P/L",601,"ug N/L"
"136","11/19/2021",323,"ug P/L",451,"ug N/L"
"137","11/19/2021",335,"ug P/L",552,"ug N/L"
"138","11/19/2021",33.1,"ug P/L",401,"ug N/L"
"139","11/19/2021",22.3,"ug P/L",382,"ug N/L"
"140","11/19/2021",20.6,"ug P/L",395,"ug N/L"
"141","11/19/2021",23.8,"ug P/L",388,"ug N/L"
"142","11/19/2021",32.2,"ug P/L",540,"ug N/L"
"143","11/19/2021",16.1,"ug P/L",496,"ug N/L"
"CCV Mid 50/500 ug/L","11/19/2021",53.5,"ug P/L",488,"ug N/L"
"CCV Low 10/100 ug/L","11/19/2021",22.9,"ug P/L",94.7,"ug N/L"
"CCB ","11/19/2021",10.7,"ug P/L",17.2,"ug N/L"
"144","11/19/2021",47,"ug P/L",532,"ug N/L"
"145","11/19/2021",95.1,"ug P/L",584,"ug N/L"
"146","11/19/2021",47.1,"ug P/L",508,"ug N/L"
"147","11/19/2021",14.7,"ug P/L",391,"ug N/L"
"148","11/19/2021",23.4,"ug P/L",465,"ug N/L"
"149","11/19/2021",25.1,"ug P/L",503,"ug N/L"
"150","11/19/2021",315,"ug P/L",487,"ug N/L"
"151","11/19/2021",311,"ug P/L",433,"ug N/L"
"49","11/19/2021",61.2,"ug P/L",189,"ug N/L"
"51 2X","11/19/2021",47.4,"ug P/L",2470,"ug N/L"
"CCV Mid 50/500 ug/L","11/19/2021",51.2,"ug P/L",471,"ug N/L"
"CCV Low 10/100 ug/L","11/19/2021",14.1,"ug P/L",106,"ug N/L"
"CCB ","11/19/2021",634,"ug P/L",56.3,"ug N/L"
"57 2X","11/19/2021",22.4,"ug P/L",2660,"ug N/L"
"69 2X","11/19/2021",31.8,"ug P/L",2480,"ug N/L"
"70 2X","11/19/2021",14.9,"ug P/L",1840,"ug N/L"
"81","11/19/2021",24.8,"ug P/L",940,"ug N/L"
"82","11/19/2021",28,"ug P/L",1100,"ug N/L"
"83","11/19/2021",21.6,"ug P/L",849,"ug N/L"
"51 2X again","11/19/2021",740,"ug P/L",39.5,"ug N/L"
"CCV Mid 50/500 ug/L","11/19/2021",651,"ug P/L",32.3,"ug N/L"
"CCV Low 10/100 ug/L","11/19/2021",593,"ug P/L",53.8,"ug N/L"
"CCB ","11/19/2021",678,"ug P/L",52.3,"ug N/L"
"sample_id","detection_date","p_peak_concentration","p_concentration_units","n_peak_concentration","n_concentration_units"
"Cal Std 1000/3000 ug/l","8/11/2021",1000,"ug P/L",3000,"ug N/L"
"Cal Std 500/1500 ug/L","8/11/2021",500,"ug P/L",1500,"ug N/L"
"Cal Std 100/1000 ug/L","8/11/2021",100,"ug P/L",1000,"ug N/L"
"Cal Std 50/500 ug/L","8/11/2021",50,"ug P/L",500,"ug N/L"
"Cal Std 10/100 ug/L","8/11/2021",10,"ug P/L",100,"ug N/L"
"Cal Std 5/50 ug/L","8/11/2021",5,"ug P/L",50,"ug N/L"
"Cal Std 0 ug/L","8/11/2021",0,"ug P/L",0,"ug N/L"
"CCV Mid 50/500 ug/L","8/11/2021",46,"ug P/L",477,"ug N/L"
"CCV Low 10/100 ug/L","8/11/2021",7.35,"ug P/L",71.2,"ug N/L"
"CCB ","8/11/2021",-2.8,"ug P/L",-89.7,"ug N/L"
"method blank","8/11/2021",-1.03,"ug P/L",-24.7,"ug N/L"
"method blank","8/11/2021",-0.584,"ug P/L",-89.5,"ug N/L"
"LCS TP","8/11/2021",83.6,"ug P/L",30.4,"ug N/L"
"LCS TN","8/11/2021",-0.198,"ug P/L",171,"ug N/L"
"5","8/11/2021",31.5,"ug P/L",502,"ug N/L"
"6","8/11/2021",24.8,"ug P/L",5790,"ug N/L"
"7","8/11/2021",34.4,"ug P/L",7890,"ug N/L"
"8","8/11/2021",-0.131,"ug P/L",5260,"ug N/L"
"9","8/11/2021",-0.639,"ug P/L",7390,"ug N/L"
"10","8/11/2021",67.7,"ug P/L",6030,"ug N/L"
"CCV Mid 50/500 ug/L","8/11/2021",48.7,"ug P/L",579,"ug N/L"
"CCV Low 10/100 ug/L","8/11/2021",3.16,"ug P/L",81.9,"ug N/L"
"CCB ","8/11/2021",-11,"ug P/L",-84.1,"ug N/L"
"11","8/11/2021",18.6,"ug P/L",7130,"ug N/L"
"12","8/11/2021",2.39,"ug P/L",6820,"ug N/L"
"13","8/11/2021",0.367,"ug P/L",7450,"ug N/L"
"14","8/11/2021",-8.15,"ug P/L",8000,"ug N/L"
"15","8/11/2021",-10.5,"ug P/L",9020,"ug N/L"
"16","8/11/2021",736,"ug P/L",3970,"ug N/L"
"17","8/11/2021",41.1,"ug P/L",6410,"ug N/L"
"18","8/11/2021",37.1,"ug P/L",314,"ug N/L"
"19","8/11/2021",62.3,"ug P/L",2500,"ug N/L"
"20","8/11/2021",1040,"ug P/L",3020,"ug N/L"
"CCV Mid 50/500 ug/L","8/11/2021",64.4,"ug P/L",532,"ug N/L"
"CCV Low 10/100 ug/L","8/11/2021",6.37,"ug P/L",90.7,"ug N/L"
"CCB ","8/11/2021",-7.01,"ug P/L",-29.5,"ug N/L"
"21","8/11/2021",27.4,"ug P/L",5170,"ug N/L"
"22","8/11/2021",31.3,"ug P/L",740,"ug N/L"
"23","8/11/2021",9.16,"ug P/L",697,"ug N/L"
"24","8/11/2021",10.3,"ug P/L",1410,"ug N/L"
"25","8/11/2021",11,"ug P/L",2940,"ug N/L"
"26","8/11/2021",-0.0119,"ug P/L",5720,"ug N/L"
"27","8/11/2021",-0.905,"ug P/L",5910,"ug N/L"
"28","8/11/2021",56.2,"ug P/L",1180,"ug N/L"
"29","8/11/2021",87.1,"ug P/L",4190,"ug N/L"
"30","8/11/2021",45.9,"ug P/L",6120,"ug N/L"
"CCV Mid 50/500 ug/L","8/11/2021",50.9,"ug P/L",585,"ug N/L"
"CCV Low 10/100 ug/L","8/11/2021",7.47,"ug P/L",80.4,"ug N/L"
"CCB ","8/11/2021",-6.26,"ug P/L",-89.4,"ug N/L"
"31","8/11/2021",19.2,"ug P/L",3500,"ug N/L"
"32","8/11/2021",-0.517,"ug P/L",10700,"ug N/L"
"33","8/11/2021",1.26,"ug P/L",7170,"ug N/L"
"34","8/11/2021",51.1,"ug P/L",376,"ug N/L"
"35","8/11/2021",42.1,"ug P/L",2870,"ug N/L"
"36","8/11/2021",709,"ug P/L",2810,"ug N/L"
"37","8/11/2021",52.1,"ug P/L",3240,"ug N/L"
"38","8/11/2021",21.5,"ug P/L",41200,"ug N/L"
"39","8/11/2021",24.8,"ug P/L",55700,"ug N/L"
"40","8/11/2021",355,"ug P/L",26900,"ug N/L"
"CCV Mid 50/500 ug/L","8/11/2021",56.9,"ug P/L",1230,"ug N/L"
"CCV Low 10/100 ug/L","8/11/2021",7.41,"ug P/L",80.4,"ug N/L"
"CCB ","8/11/2021",-6.35,"ug P/L",-76.9,"ug N/L"
"41","8/11/2021",184,"ug P/L",33200,"ug N/L"
"42","8/11/2021",73.5,"ug P/L",31500,"ug N/L"
"43","8/11/2021",75.3,"ug P/L",58100,"ug N/L"
"44","8/11/2021",3.27,"ug P/L",58300,"ug N/L"
"45","8/11/2021",12.3,"ug P/L",58200,"ug N/L"
"46","8/11/2021",18,"ug P/L",28800,"ug N/L"
"47","8/11/2021",30.5,"ug P/L",27800,"ug N/L"
"48","8/11/2021",28.2,"ug P/L",46300,"ug N/L"
"49","8/11/2021",48.1,"ug P/L",33600,"ug N/L"
"50","8/11/2021",37.3,"ug P/L",1170,"ug N/L"
"CCV Mid 50/500 ug/L","8/11/2021",48.4,"ug P/L",529,"ug N/L"
"CCV Low 10/100 ug/L","8/11/2021",7.88,"ug P/L",205,"ug N/L"
"CCB ","8/11/2021",-5.74,"ug P/L",-73.5,"ug N/L"
"10 MG/L post dig std","8/11/2021",-18.2,"ug P/L",9110,"ug N/L"
"CCV Mid 50/500 ug/L","8/11/2021",47.7,"ug P/L",714,"ug N/L"
"CCV Low 10/100 ug/L","8/11/2021",5.45,"ug P/L",74.4,"ug N/L"
"CCB ","8/11/2021",-18.1,"ug P/L",-30.2,"ug N/L"
"sample_id","detection_date","p_peak_concentration","p_concentration_units","n_peak_concentration","n_concentration_units"
"Cal Std 1000/3000 ug/l","9/29/2021",1000,"ug P/L",3000,"ug N/L"
"Cal Std 500/1500 ug/L","9/29/2021",500,"ug P/L",1500,"ug N/L"
"Cal Std 100/1000 ug/L","9/29/2021",100,"ug P/L",1000,"ug N/L"
"Cal Std 50/500 ug/L","9/29/2021",50,"ug P/L",500,"ug N/L"
"Cal Std 10/100 ug/L","9/29/2021",10,"ug P/L",100,"ug N/L"
"Cal Std 5/50 ug/L","9/29/2021",5,"ug P/L",50,"ug N/L"
"Cal Std 0 ug/L","9/29/2021",0,"ug P/L",0,"ug N/L"
"CCV Mid 50/500 ug/L","9/29/2021",41.3,"ug P/L",439,"ug N/L"
"CCV Low 10/100 ug/L","9/29/2021",11.7,"ug P/L",124,"ug N/L"
"CCB ","9/29/2021",1.72,"ug P/L",-22.7,"ug N/L"
"method blank","9/29/2021",2.98,"ug P/L",-198,"ug N/L"
"method blank","9/29/2021",7.64,"ug P/L",-216,"ug N/L"
"LCS TP","9/29/2021",96.6,"ug P/L",-142,"ug N/L"
"LCS TN","9/29/2021",4.39,"ug P/L",-121,"ug N/L"
"5","9/29/2021",288,"ug P/L",845,"ug N/L"
"6","9/29/2021",59.6,"ug P/L",9.44,"ug N/L"
"7","9/29/2021",60.3,"ug P/L",104,"ug N/L"
"8","9/29/2021",28.2,"ug P/L",4320,"ug N/L"
"9","9/29/2021",71.3,"ug P/L",2640,"ug N/L"
"10","9/29/2021",774,"ug P/L",1730,"ug N/L"
"CCV Mid 50/500 ug/L","9/29/2021",46.6,"ug P/L",505,"ug N/L"
"CCV Low 10/100 ug/L","9/29/2021",11.4,"ug P/L",132,"ug N/L"
"CCB ","9/29/2021",0.216,"ug P/L",-42.8,"ug N/L"
"11","9/29/2021",80.7,"ug P/L",1380,"ug N/L"
"12","9/29/2021",129,"ug P/L",1390,"ug N/L"
"13","9/29/2021",71.5,"ug P/L",1120,"ug N/L"
"14","9/29/2021",21.3,"ug P/L",5130,"ug N/L"
"15","9/29/2021",21.1,"ug P/L",2620,"ug N/L"
"16","9/29/2021",27,"ug P/L",2120,"ug N/L"
"17","9/29/2021",16.4,"ug P/L",608,"ug N/L"
"18","9/29/2021",25.5,"ug P/L",445,"ug N/L"
"19","9/29/2021",18,"ug P/L",612,"ug N/L"
"20","9/29/2021",32.6,"ug P/L",2920,"ug N/L"
"CCV Mid 50/500 ug/L","9/29/2021",43.5,"ug P/L",525,"ug N/L"
"CCV Low 10/100 ug/L","9/29/2021",12.1,"ug P/L",127,"ug N/L"
"CCB ","9/29/2021",0.967,"ug P/L",-42.5,"ug N/L"
"21","9/29/2021",22.3,"ug P/L",1900,"ug N/L"
"22","9/29/2021",248,"ug P/L",1670,"ug N/L"
"23","9/29/2021",98.3,"ug P/L",2190,"ug N/L"
"24","9/29/2021",90.9,"ug P/L",1570,"ug N/L"
"25","9/29/2021",53.8,"ug P/L",1670,"ug N/L"
"26","9/29/2021",37.5,"ug P/L",4760,"ug N/L"
"27","9/29/2021",46.6,"ug P/L",3580,"ug N/L"
"28","9/29/2021",24.1,"ug P/L",2590,"ug N/L"
"29","9/29/2021",28.7,"ug P/L",606,"ug N/L"
"30","9/29/2021",33.1,"ug P/L",468,"ug N/L"
"CCV Mid 50/500 ug/L","9/29/2021",47,"ug P/L",419,"ug N/L"
"CCV Low 10/100 ug/L","9/29/2021",13.1,"ug P/L",111,"ug N/L"
"CCB ","9/29/2021",1.11,"ug P/L",-46.1,"ug N/L"
"31","9/29/2021",37.4,"ug P/L",430,"ug N/L"
"32","9/29/2021",18.3,"ug P/L",777,"ug N/L"
"33","9/29/2021",29.5,"ug P/L",1130,"ug N/L"
"34","9/29/2021",31.8,"ug P/L",1020,"ug N/L"
"35","9/29/2021",347,"ug P/L",2010,"ug N/L"
"36","9/29/2021",861,"ug P/L",2500,"ug N/L"
"37","9/29/2021",474,"ug P/L",1930,"ug N/L"
"sample_id","detection_date","p_peak_concentration","p_concentration_units","n_peak_concentration","n_concentration_units"
"Cal Std 1000/3000 ug/l","11/15/2021",1000,"ug P/L",3000,"ug N/L"
"Cal Std 500/1500 ug/L","11/15/2021",500,"ug P/L",1500,"ug N/L"
"Cal Std 100/1000 ug/L","11/15/2021",100,"ug P/L",1000,"ug N/L"
"Cal Std 50/500 ug/L","11/15/2021",50,"ug P/L",500,"ug N/L"
"Cal Std 10/100 ug/L","11/15/2021",10,"ug P/L",100,"ug N/L"
"Cal Std 5/50 ug/L","11/15/2021",5,"ug P/L",50,"ug N/L"
"Cal Std 0 ug/L","11/15/2021",0,"ug P/L",0,"ug N/L"
"CCV Mid 50/500 ug/L","11/15/2021",54.7,"ug P/L",556,"ug N/L"
"CCV Low 10/100 ug/L","11/15/2021",13.3,"ug P/L",124,"ug N/L"
"CCB ","11/15/2021",-0.288,"ug P/L",-21,"ug N/L"
"method blank","11/15/2021",2.21,"ug P/L",35.9,"ug N/L"
"method blank","11/15/2021",-2.15,"ug P/L",28.1,"ug N/L"
"LCS TP","11/15/2021",91.7,"ug P/L",153,"ug N/L"
"LCS TN","11/15/2021",-9.13,"ug P/L",148,"ug N/L"
"84","11/15/2021",15.9,"ug P/L",574,"ug N/L"
"85","11/15/2021",-0.314,"ug P/L",361,"ug N/L"
"86","11/15/2021",21,"ug P/L",422,"ug N/L"
"87","11/15/2021",15.6,"ug P/L",755,"ug N/L"
"88","11/15/2021",26.5,"ug P/L",745,"ug N/L"
"89","11/15/2021",21.5,"ug P/L",760,"ug N/L"
"CCV Mid 50/500 ug/L","11/15/2021",48.4,"ug P/L",535,"ug N/L"
"CCV Low 10/100 ug/L","11/15/2021",11.2,"ug P/L",125,"ug N/L"
"CCB ","11/15/2021",0.243,"ug P/L",-1.66,"ug N/L"
"90","11/15/2021",171,"ug P/L",1530,"ug N/L"
"91","11/15/2021",480,"ug P/L",1860,"ug N/L"
"92","11/15/2021",225,"ug P/L",1710,"ug N/L"
"93","11/15/2021",28.9,"ug P/L",802,"ug N/L"
"94","11/15/2021",38.1,"ug P/L",901,"ug N/L"
"95","11/15/2021",28.9,"ug P/L",750,"ug N/L"
"96","11/15/2021",24.9,"ug P/L",313,"ug N/L"
"97","11/15/2021",22.3,"ug P/L",275,"ug N/L"
"98","11/15/2021",8.06,"ug P/L",204,"ug N/L"
"99","11/15/2021",18.8,"ug P/L",513,"ug N/L"
"CCV Mid 50/500 ug/L","11/15/2021",49,"ug P/L",552,"ug N/L"
"CCV Low 10/100 ug/L","11/15/2021",10.5,"ug P/L",119,"ug N/L"
"CCB ","11/15/2021",-0.527,"ug P/L",22.4,"ug N/L"
"100","11/15/2021",8.18,"ug P/L",378,"ug N/L"
"101","11/15/2021",17.2,"ug P/L",524,"ug N/L"
"102","11/15/2021",96,"ug P/L",878,"ug N/L"
"103","11/15/2021",288,"ug P/L",1100,"ug N/L"
"104","11/15/2021",141,"ug P/L",1040,"ug N/L"
"105","11/15/2021",45.5,"ug P/L",669,"ug N/L"
"106","11/15/2021",42.7,"ug P/L",613,"ug N/L"
"107","11/15/2021",20.8,"ug P/L",508,"ug N/L"
"108","11/15/2021",190,"ug P/L",261,"ug N/L"
"109","11/15/2021",188,"ug P/L",283,"ug N/L"
"CCV Mid 50/500 ug/L","11/15/2021",51.4,"ug P/L",531,"ug N/L"
"CCV Low 10/100 ug/L","11/15/2021",13.6,"ug P/L",137,"ug N/L"
"CCB ","11/15/2021",1.67,"ug P/L",-20.6,"ug N/L"
"110","11/15/2021",26.1,"ug P/L",248,"ug N/L"
"111","11/15/2021",26.1,"ug P/L",216,"ug N/L"
"112","11/15/2021",36.5,"ug P/L",248,"ug N/L"
"113","11/15/2021",27.5,"ug P/L",506,"ug N/L"
"114","11/15/2021",28.1,"ug P/L",500,"ug N/L"
"115","11/15/2021",19.2,"ug P/L",529,"ug N/L"
"116","11/15/2021",103,"ug P/L",990,"ug N/L"
"117","11/15/2021",200,"ug P/L",969,"ug N/L"
"118","11/15/2021",79.6,"ug P/L",876,"ug N/L"
"119","11/15/2021",31.6,"ug P/L",577,"ug N/L"
"CCV Mid 50/500 ug/L","11/15/2021",48,"ug P/L",522,"ug N/L"
"CCV Low 10/100 ug/L","11/15/2021",11.3,"ug P/L",126,"ug N/L"
"CCB ","11/15/2021",-14.2,"ug P/L",37.6,"ug N/L"
"120","11/15/2021",27.3,"ug P/L",606,"ug N/L"
"121","11/15/2021",19.6,"ug P/L",556,"ug N/L"
"122","11/15/2021",163,"ug P/L",218,"ug N/L"
"123","11/15/2021",168,"ug P/L",276,"ug N/L"
"124","11/15/2021",32.9,"ug P/L",399,"ug N/L"
"125","11/15/2021",25.6,"ug P/L",402,"ug N/L"
"126","11/15/2021",28,"ug P/L",452,"ug N/L"
"127","11/15/2021",16.1,"ug P/L",486,"ug N/L"
"84 duplicate","11/15/2021",17.2,"ug P/L",553,"ug N/L"
"blank","11/15/2021",-2.46,"ug P/L",28.3,"ug N/L"
"CCV Mid 50/500 ug/L","11/15/2021",42.3,"ug P/L",516,"ug N/L"
"CCV Low 10/100 ug/L","11/15/2021",5.54,"ug P/L",151,"ug N/L"
"CCB ","11/15/2021",-7.28,"ug P/L",9.72,"ug N/L"
"blank","11/15/2021",-6.96,"ug P/L",15.2,"ug N/L"
"LCS TP","11/15/2021",87.2,"ug P/L",127,"ug N/L"
"LCS TN","11/15/2021",-5.36,"ug P/L",-18.3,"ug N/L"
"128","11/15/2021",18.3,"ug P/L",575,"ug N/L"
"129","11/15/2021",8.8,"ug P/L",558,"ug N/L"
"130","11/15/2021",60.5,"ug P/L",768,"ug N/L"
"131","11/15/2021",121,"ug P/L",815,"ug N/L"
"132","11/15/2021",63.2,"ug P/L",713,"ug N/L"
"133","11/15/2021",4.36,"ug P/L",559,"ug N/L"
"134","11/15/2021",24,"ug P/L",601,"ug N/L"
"CCV Mid 50/500 ug/L","11/15/2021",42,"ug P/L",530,"ug N/L"
"CCV Low 10/100 ug/L","11/15/2021",6.72,"ug P/L",151,"ug N/L"
"CCB ","11/15/2021",-8.73,"ug P/L",-24.3,"ug N/L"
"135","11/15/2021",11.9,"ug P/L",561,"ug N/L"
"136","11/15/2021",303,"ug P/L",464,"ug N/L"
"137","11/15/2021",317,"ug P/L",532,"ug N/L"
"138","11/15/2021",28.2,"ug P/L",415,"ug N/L"
"139","11/15/2021",9.21,"ug P/L",384,"ug N/L"
"140","11/15/2021",11.7,"ug P/L",415,"ug N/L"
"141","11/15/2021",3.13,"ug P/L",396,"ug N/L"
"142","11/15/2021",20,"ug P/L",513,"ug N/L"
"143","11/15/2021",5.81,"ug P/L",499,"ug N/L"
"144","11/15/2021",33.2,"ug P/L",540,"ug N/L"
"CCV Mid 50/500 ug/L","11/15/2021",38.2,"ug P/L",531,"ug N/L"
"CCV Low 10/100 ug/L","11/15/2021",0.651,"ug P/L",146,"ug N/L"
"CCB ","11/15/2021",-9.76,"ug P/L",-25.6,"ug N/L"
"145","11/15/2021",71.1,"ug P/L",542,"ug N/L"
"146","11/15/2021",38.3,"ug P/L",559,"ug N/L"
"147","11/15/2021",1.97,"ug P/L",406,"ug N/L"
"148","11/15/2021",10.4,"ug P/L",463,"ug N/L"
"149","11/15/2021",14.7,"ug P/L",509,"ug N/L"
"150","11/15/2021",296,"ug P/L",480,"ug N/L"
"151","11/15/2021",305,"ug P/L",-313,"ug N/L"
"sample_id","detection_date","p_peak_concentration","p_concentration_units","n_peak_concentration","n_concentration_units"
"Cal Std 1000/3000 ug/l","11/19/2021",1000,"ug P/L",3000,"ug N/L"
"Cal Std 500/1500 ug/L","11/19/2021",500,"ug P/L",1500,"ug N/L"
"Cal Std 100/1000 ug/L","11/19/2021",100,"ug P/L",1000,"ug N/L"
"Cal Std 50/500 ug/L","11/19/2021",50,"ug P/L",500,"ug N/L"
"Cal Std 10/100 ug/L","11/19/2021",10,"ug P/L",100,"ug N/L"
"Cal Std 5/50 ug/L","11/19/2021",5,"ug P/L",50,"ug N/L"
"Cal Std 0 ug/L","11/19/2021",0,"ug P/L",0,"ug N/L"
"CCV Mid 50/500 ug/L","11/19/2021",52.3,"ug P/L",501,"ug N/L"
"CCV Low 10/100 ug/L","11/19/2021",18.8,"ug P/L",114,"ug N/L"
"CCB ","11/19/2021",10.7,"ug P/L",24.7,"ug N/L"
"method blank","11/19/2021",6.09,"ug P/L",29.2,"ug N/L"
"method blank","11/19/2021",3.4,"ug P/L",14.2,"ug N/L"
"LCS TP","11/19/2021",97.8,"ug P/L",119,"ug N/L"
"LCS TN","11/19/2021",3.21,"ug P/L",108,"ug N/L"
"128","11/19/2021",25.8,"ug P/L",590,"ug N/L"
"129","11/19/2021",17.9,"ug P/L",574,"ug N/L"
"130","11/19/2021",72.6,"ug P/L",823,"ug N/L"
"131","11/19/2021",135,"ug P/L",856,"ug N/L"
"132","11/19/2021",75.5,"ug P/L",691,"ug N/L"
"133","11/19/2021",18.9,"ug P/L",595,"ug N/L"
"CCV Mid 50/500 ug/L","11/19/2021",53,"ug P/L",494,"ug N/L"
"CCV Low 10/100 ug/L","11/19/2021",17.6,"ug P/L",101,"ug N/L"
"CCB ","11/19/2021",11.4,"ug P/L",19.4,"ug N/L"
"134","11/19/2021",28.7,"ug P/L",604,"ug N/L"
"135","11/19/2021",22.5,"ug P/L",601,"ug N/L"
"136","11/19/2021",323,"ug P/L",451,"ug N/L"
"137","11/19/2021",335,"ug P/L",552,"ug N/L"
"138","11/19/2021",33.1,"ug P/L",401,"ug N/L"
"139","11/19/2021",22.3,"ug P/L",382,"ug N/L"
"140","11/19/2021",20.6,"ug P/L",395,"ug N/L"
"141","11/19/2021",23.8,"ug P/L",388,"ug N/L"
"142","11/19/2021",32.2,"ug P/L",540,"ug N/L"
"143","11/19/2021",16.1,"ug P/L",496,"ug N/L"
"CCV Mid 50/500 ug/L","11/19/2021",53.5,"ug P/L",488,"ug N/L"
"CCV Low 10/100 ug/L","11/19/2021",22.9,"ug P/L",94.7,"ug N/L"
"CCB ","11/19/2021",10.7,"ug P/L",17.2,"ug N/L"
"144","11/19/2021",47,"ug P/L",532,"ug N/L"
"145","11/19/2021",95.1,"ug P/L",584,"ug N/L"
"146","11/19/2021",47.1,"ug P/L",508,"ug N/L"
"147","11/19/2021",14.7,"ug P/L",391,"ug N/L"
"148","11/19/2021",23.4,"ug P/L",465,"ug N/L"
"149","11/19/2021",25.1,"ug P/L",503,"ug N/L"
"150","11/19/2021",315,"ug P/L",487,"ug N/L"
"151","11/19/2021",311,"ug P/L",433,"ug N/L"
"49","11/19/2021",61.2,"ug P/L",189,"ug N/L"
"51 2X","11/19/2021",47.4,"ug P/L",2470,"ug N/L"
"CCV Mid 50/500 ug/L","11/19/2021",51.2,"ug P/L",471,"ug N/L"
"CCV Low 10/100 ug/L","11/19/2021",14.1,"ug P/L",106,"ug N/L"
"CCB ","11/19/2021",634,"ug P/L",56.3,"ug N/L"
"57 2X","11/19/2021",22.4,"ug P/L",2660,"ug N/L"
"69 2X","11/19/2021",31.8,"ug P/L",2480,"ug N/L"
"70 2X","11/19/2021",14.9,"ug P/L",1840,"ug N/L"
"81","11/19/2021",24.8,"ug P/L",940,"ug N/L"
"82","11/19/2021",28,"ug P/L",1100,"ug N/L"
"83","11/19/2021",21.6,"ug P/L",849,"ug N/L"
"51 2X again","11/19/2021",740,"ug P/L",39.5,"ug N/L"
"CCV Mid 50/500 ug/L","11/19/2021",651,"ug P/L",32.3,"ug N/L"
"CCV Low 10/100 ug/L","11/19/2021",593,"ug P/L",53.8,"ug N/L"
"CCB ","11/19/2021",678,"ug P/L",52.3,"ug N/L"
"sample_id","detection_date","p_peak_concentration","p_concentration_units","n_peak_concentration","n_concentration_units"
"Cal Std 1000/3000 ug/l","8/11/2021",1000,"ug P/L",3000,"ug N/L"
"Cal Std 500/1500 ug/L","8/11/2021",500,"ug P/L",1500,"ug N/L"
"Cal Std 100/1000 ug/L","8/11/2021",100,"ug P/L",1000,"ug N/L"
"Cal Std 50/500 ug/L","8/11/2021",50,"ug P/L",500,"ug N/L"
"Cal Std 10/100 ug/L","8/11/2021",10,"ug P/L",100,"ug N/L"
"Cal Std 5/50 ug/L","8/11/2021",5,"ug P/L",50,"ug N/L"
"Cal Std 0 ug/L","8/11/2021",0,"ug P/L",0,"ug N/L"
"CCV Mid 50/500 ug/L","8/11/2021",46,"ug P/L",477,"ug N/L"
"CCV Low 10/100 ug/L","8/11/2021",7.35,"ug P/L",71.2,"ug N/L"
"CCB ","8/11/2021",-2.8,"ug P/L",-89.7,"ug N/L"
"method blank","8/11/2021",-1.03,"ug P/L",-24.7,"ug N/L"
"method blank","8/11/2021",-0.584,"ug P/L",-89.5,"ug N/L"
"LCS TP","8/11/2021",83.6,"ug P/L",30.4,"ug N/L"
"LCS TN","8/11/2021",-0.198,"ug P/L",171,"ug N/L"
"5","8/11/2021",31.5,"ug P/L",502,"ug N/L"
"6","8/11/2021",24.8,"ug P/L",5790,"ug N/L"
"7","8/11/2021",34.4,"ug P/L",7890,"ug N/L"
"8","8/11/2021",-0.131,"ug P/L",5260,"ug N/L"
"9","8/11/2021",-0.639,"ug P/L",7390,"ug N/L"
"10","8/11/2021",67.7,"ug P/L",6030,"ug N/L"
"CCV Mid 50/500 ug/L","8/11/2021",48.7,"ug P/L",579,"ug N/L"
"CCV Low 10/100 ug/L","8/11/2021",3.16,"ug P/L",81.9,"ug N/L"
"CCB ","8/11/2021",-11,"ug P/L",-84.1,"ug N/L"
"11","8/11/2021",18.6,"ug P/L",7130,"ug N/L"
"12","8/11/2021",2.39,"ug P/L",6820,"ug N/L"
"13","8/11/2021",0.367,"ug P/L",7450,"ug N/L"
"14","8/11/2021",-8.15,"ug P/L",8000,"ug N/L"
"15","8/11/2021",-10.5,"ug P/L",9020,"ug N/L"
"16","8/11/2021",736,"ug P/L",3970,"ug N/L"
"17","8/11/2021",41.1,"ug P/L",6410,"ug N/L"
"18","8/11/2021",37.1,"ug P/L",314,"ug N/L"
"19","8/11/2021",62.3,"ug P/L",2500,"ug N/L"
"20","8/11/2021",1040,"ug P/L",3020,"ug N/L"
"CCV Mid 50/500 ug/L","8/11/2021",64.4,"ug P/L",532,"ug N/L"
"CCV Low 10/100 ug/L","8/11/2021",6.37,"ug P/L",90.7,"ug N/L"
"CCB ","8/11/2021",-7.01,"ug P/L",-29.5,"ug N/L"
"21","8/11/2021",27.4,"ug P/L",5170,"ug N/L"
"22","8/11/2021",31.3,"ug P/L",740,"ug N/L"
"23","8/11/2021",9.16,"ug P/L",697,"ug N/L"
"24","8/11/2021",10.3,"ug P/L",1410,"ug N/L"
"25","8/11/2021",11,"ug P/L",2940,"ug N/L"
"26","8/11/2021",-0.0119,"ug P/L",5720,"ug N/L"
"27","8/11/2021",-0.905,"ug P/L",5910,"ug N/L"
"28","8/11/2021",56.2,"ug P/L",1180,"ug N/L"
"29","8/11/2021",87.1,"ug P/L",4190,"ug N/L"
"30","8/11/2021",45.9,"ug P/L",6120,"ug N/L"
"CCV Mid 50/500 ug/L","8/11/2021",50.9,"ug P/L",585,"ug N/L"
"CCV Low 10/100 ug/L","8/11/2021",7.47,"ug P/L",80.4,"ug N/L"
"CCB ","8/11/2021",-6.26,"ug P/L",-89.4,"ug N/L"
"31","8/11/2021",19.2,"ug P/L",3500,"ug N/L"
"32","8/11/2021",-0.517,"ug P/L",10700,"ug N/L"
"33","8/11/2021",1.26,"ug P/L",7170,"ug N/L"
"34","8/11/2021",51.1,"ug P/L",376,"ug N/L"
"35","8/11/2021",42.1,"ug P/L",2870,"ug N/L"
"36","8/11/2021",709,"ug P/L",2810,"ug N/L"
"37","8/11/2021",52.1,"ug P/L",3240,"ug N/L"
"38","8/11/2021",21.5,"ug P/L",41200,"ug N/L"
"39","8/11/2021",24.8,"ug P/L",55700,"ug N/L"
"40","8/11/2021",355,"ug P/L",26900,"ug N/L"
"CCV Mid 50/500 ug/L","8/11/2021",56.9,"ug P/L",1230,"ug N/L"
"CCV Low 10/100 ug/L","8/11/2021",7.41,"ug P/L",80.4,"ug N/L"
"CCB ","8/11/2021",-6.35,"ug P/L",-76.9,"ug N/L"
"41","8/11/2021",184,"ug P/L",33200,"ug N/L"
"42","8/11/2021",73.5,"ug P/L",31500,"ug N/L"
"43","8/11/2021",75.3,"ug P/L",58100,"ug N/L"
"44","8/11/2021",3.27,"ug P/L",58300,"ug N/L"
"45","8/11/2021",12.3,"ug P/L",58200,"ug N/L"
"46","8/11/2021",18,"ug P/L",28800,"ug N/L"
"47","8/11/2021",30.5,"ug P/L",27800,"ug N/L"
"48","8/11/2021",28.2,"ug P/L",46300,"ug N/L"
"49","8/11/2021",48.1,"ug P/L",33600,"ug N/L"
"50","8/11/2021",37.3,"ug P/L",1170,"ug N/L"
"CCV Mid 50/500 ug/L","8/11/2021",48.4,"ug P/L",529,"ug N/L"
"CCV Low 10/100 ug/L","8/11/2021",7.88,"ug P/L",205,"ug N/L"
"CCB ","8/11/2021",-5.74,"ug P/L",-73.5,"ug N/L"
"10 MG/L post dig std","8/11/2021",-18.2,"ug P/L",9110,"ug N/L"
"CCV Mid 50/500 ug/L","8/11/2021",47.7,"ug P/L",714,"ug N/L"
"CCV Low 10/100 ug/L","8/11/2021",5.45,"ug P/L",74.4,"ug N/L"
"CCB ","8/11/2021",-18.1,"ug P/L",-30.2,"ug N/L"
"sample_id","detection_date","p_peak_concentration","p_concentration_units","n_peak_concentration","n_concentration_units"
"Cal Std 1000/3000 ug/l","9/29/2021",1000,"ug P/L",3000,"ug N/L"
"Cal Std 500/1500 ug/L","9/29/2021",500,"ug P/L",1500,"ug N/L"
"Cal Std 100/1000 ug/L","9/29/2021",100,"ug P/L",1000,"ug N/L"
"Cal Std 50/500 ug/L","9/29/2021",50,"ug P/L",500,"ug N/L"
"Cal Std 10/100 ug/L","9/29/2021",10,"ug P/L",100,"ug N/L"
"Cal Std 5/50 ug/L","9/29/2021",5,"ug P/L",50,"ug N/L"
"Cal Std 0 ug/L","9/29/2021",0,"ug P/L",0,"ug N/L"
"CCV Mid 50/500 ug/L","9/29/2021",41.3,"ug P/L",439,"ug N/L"
"CCV Low 10/100 ug/L","9/29/2021",11.7,"ug P/L",124,"ug N/L"
"CCB ","9/29/2021",1.72,"ug P/L",-22.7,"ug N/L"
"method blank","9/29/2021",2.98,"ug P/L",-198,"ug N/L"
"method blank","9/29/2021",7.64,"ug P/L",-216,"ug N/L"
"LCS TP","9/29/2021",96.6,"ug P/L",-142,"ug N/L"
"LCS TN","9/29/2021",4.39,"ug P/L",-121,"ug N/L"
"5","9/29/2021",288,"ug P/L",845,"ug N/L"
"6","9/29/2021",59.6,"ug P/L",9.44,"ug N/L"
"7","9/29/2021",60.3,"ug P/L",104,"ug N/L"
"8","9/29/2021",28.2,"ug P/L",4320,"ug N/L"
"9","9/29/2021",71.3,"ug P/L",2640,"ug N/L"
"10","9/29/2021",774,"ug P/L",1730,"ug N/L"
"CCV Mid 50/500 ug/L","9/29/2021",46.6,"ug P/L",505,"ug N/L"
"CCV Low 10/100 ug/L","9/29/2021",11.4,"ug P/L",132,"ug N/L"
"CCB ","9/29/2021",0.216,"ug P/L",-42.8,"ug N/L"
"11","9/29/2021",80.7,"ug P/L",1380,"ug N/L"
"12","9/29/2021",129,"ug P/L",1390,"ug N/L"
"13","9/29/2021",71.5,"ug P/L",1120,"ug N/L"
"14","9/29/2021",21.3,"ug P/L",5130,"ug N/L"
"15","9/29/2021",21.1,"ug P/L",2620,"ug N/L"
"16","9/29/2021",27,"ug P/L",2120,"ug N/L"
"17","9/29/2021",16.4,"ug P/L",608,"ug N/L"
"18","9/29/2021",25.5,"ug P/L",445,"ug N/L"
"19","9/29/2021",18,"ug P/L",612,"ug N/L"
"20","9/29/2021",32.6,"ug P/L",2920,"ug N/L"
"CCV Mid 50/500 ug/L","9/29/2021",43.5,"ug P/L",525,"ug N/L"
"CCV Low 10/100 ug/L","9/29/2021",12.1,"ug P/L",127,"ug N/L"
"CCB ","9/29/2021",0.967,"ug P/L",-42.5,"ug N/L"
"21","9/29/2021",22.3,"ug P/L",1900,"ug N/L"
"22","9/29/2021",248,"ug P/L",1670,"ug N/L"
"23","9/29/2021",98.3,"ug P/L",2190,"ug N/L"
"24","9/29/2021",90.9,"ug P/L",1570,"ug N/L"
"25","9/29/2021",53.8,"ug P/L",1670,"ug N/L"
"26","9/29/2021",37.5,"ug P/L",4760,"ug N/L"
"27","9/29/2021",46.6,"ug P/L",3580,"ug N/L"
"28","9/29/2021",24.1,"ug P/L",2590,"ug N/L"
"29","9/29/2021",28.7,"ug P/L",606,"ug N/L"
"30","9/29/2021",33.1,"ug P/L",468,"ug N/L"
"CCV Mid 50/500 ug/L","9/29/2021",47,"ug P/L",419,"ug N/L"
"CCV Low 10/100 ug/L","9/29/2021",13.1,"ug P/L",111,"ug N/L"
"CCB ","9/29/2021",1.11,"ug P/L",-46.1,"ug N/L"
"31","9/29/2021",37.4,"ug P/L",430,"ug N/L"
"32","9/29/2021",18.3,"ug P/L",777,"ug N/L"
"33","9/29/2021",29.5,"ug P/L",1130,"ug N/L"
"34","9/29/2021",31.8,"ug P/L",1020,"ug N/L"
"35","9/29/2021",347,"ug P/L",2010,"ug N/L"
"36","9/29/2021",861,"ug P/L",2500,"ug N/L"
"37","9/29/2021",474,"ug P/L",1930,"ug N/L"
